question_id,question,domain,candidate_alignment_band,candidate_alignment_review_rank,candidate_alignment_shared_term_count,candidate_alignment_shared_terms,candidate_alignment_coverage,candidate_alignment_selection_score,candidate_alignment_short_query,candidate_alignment_source,candidate_alignment_source_url,candidate_alignment_source_title,candidate_ddg_status,candidate_ddg_abstract_source,candidate_ddg_abstract_text,candidate_chunks,gold_chunk_ids,gold_answer,gold_status,review_method,reviewer_notes
CH-0042,Cách tính thuế thu nhập cá nhân mới nhất mới nhất năm nay (Mã CH-0042)?,general,HIGH_SIGNAL,1,6,"[""cá"", ""nhân"", ""nhập"", ""thu"", ""thuế"", ""tính""]",1.0,160.0,tính thuế thu nhập cá nhân,canonical_fetch_existing,https://thueonline.com/thue-tncn/,Tính Thuế Thu Nhập Cá Nhân (TNCN) 2026 - Công cụ Online Miễn Phí — Tính Thuế Online,DDG_API_OK,,,[],[],,SOURCE_FETCHED_NOT_REVIEWED,human_review_after_ddg_short_alignment,Pre-review filter only. HIGH_SIGNAL means >=2 shared terms and >=0.20 coverage; REVIEW_SIGNAL means it passed the relaxed shortlist threshold and still requires independent source/gold verification. No row is accepted as gold automatically.
CH-0519,Mẹo chọn mua máy giặt tiết kiệm điện nước cho gia đình mới nhất năm nay (Mã CH-0519)?,general,HIGH_SIGNAL,2,5,"[""gia"", ""kiệm"", ""mẹo"", ""tiết"", ""đình""]",0.454545,95.4545,mẹo chọn mua máy giặt tiết kiệm điện,canonical_fetch_existing,https://vietnamnet.vn/doi-song/meo-vat,"Mẹo vặt cuộc sống - Các mẹo đơn giản, dễ làm chị em nên biết",DDG_REQUEST_ERROR,,,[],[],,SOURCE_FETCHED_NOT_REVIEWED,human_review_after_ddg_short_alignment,Pre-review filter only. HIGH_SIGNAL means >=2 shared terms and >=0.20 coverage; REVIEW_SIGNAL means it passed the relaxed shortlist threshold and still requires independent source/gold verification. No row is accepted as gold automatically.
CH-0245,Hướng dẫn và quy định liên quan đến các trường đại học top đầu về ngành công nghệ thông tin (Mã CH-0245)?,general,HIGH_SIGNAL,3,5,"[""công"", ""học"", ""nghệ"", ""trường"", ""đại""]",0.3125,86.25,hướng dẫn quy định liên quan trường đại,canonical_fetch_existing,https://vi.wikipedia.org/wiki/Tr%C6%B0%E1%BB%9Dng_%C4%90%E1%BA%A1i_h%E1%BB%8Dc_C%C3%B4ng_ngh%E1%BB%87_Th%C3%A0nh_ph%E1%BB%91_H%E1%BB%93_Ch%C3%AD_Minh,Trường Đại học Công nghệ Thành phố Hồ Chí Minh – Wikipedia tiếng Việt,DDG_REQUEST_ERROR,,,[],[],,SOURCE_FETCHED_NOT_REVIEWED,human_review_after_ddg_short_alignment,Pre-review filter only. HIGH_SIGNAL means >=2 shared terms and >=0.20 coverage; REVIEW_SIGNAL means it passed the relaxed shortlist threshold and still requires independent source/gold verification. No row is accepted as gold automatically.
CH-0990,Tra cứu thông tin: Luật việt vị trong bóng đá được quy định cụ thể ra sao (Mã CH-0990)?,general,HIGH_SIGNAL,4,5,"[""cứu"", ""luật"", ""tra"", ""việt"", ""định""]",0.357143,85.7143,tra cứu thông tin luật việt vị bóng,canonical_fetch_existing,https://thuvienphapluat.vn/,"THƯ VIỆN PHÁP LUẬT _ Tra cứu, Nắm bắt Pháp Luật Việt Nam",DDG_REQUEST_ERROR,,,[],[],,SOURCE_FETCHED_NOT_REVIEWED,human_review_after_ddg_short_alignment,Pre-review filter only. HIGH_SIGNAL means >=2 shared terms and >=0.20 coverage; REVIEW_SIGNAL means it passed the relaxed shortlist threshold and still requires independent source/gold verification. No row is accepted as gold automatically.
CH-0490,Tra cứu thông tin: Luật việt vị trong bóng đá được quy định cụ thể ra sao (Mã CH-0490)?,general,HIGH_SIGNAL,5,5,"[""cứu"", ""luật"", ""tra"", ""việt"", ""định""]",0.357143,85.7143,tra cứu thông tin luật việt vị bóng,canonical_fetch_existing,https://thuvienphapluat.vn/,"THƯ VIỆN PHÁP LUẬT _ Tra cứu, Nắm bắt Pháp Luật Việt Nam",DDG_REQUEST_ERROR,,,[],[],,SOURCE_FETCHED_NOT_REVIEWED,human_review_after_ddg_short_alignment,Pre-review filter only. HIGH_SIGNAL means >=2 shared terms and >=0.20 coverage; REVIEW_SIGNAL means it passed the relaxed shortlist threshold and still requires independent source/gold verification. No row is accepted as gold automatically.
CH-0919,Tra cứu thông tin: Mẹo chọn mua máy giặt tiết kiệm điện nước cho gia đình (Mã CH-0919)?,general,HIGH_SIGNAL,6,5,"[""gia"", ""kiệm"", ""mẹo"", ""tiết"", ""đình""]",0.333333,83.3333,tra cứu thông tin mẹo chọn mua máy,canonical_fetch_existing,https://vietnamnet.vn/doi-song/meo-vat,"Mẹo vặt cuộc sống - Các mẹo đơn giản, dễ làm chị em nên biết",DDG_REQUEST_ERROR,,,[],[],,SOURCE_FETCHED_NOT_REVIEWED,human_review_after_ddg_short_alignment,Pre-review filter only. HIGH_SIGNAL means >=2 shared terms and >=0.20 coverage; REVIEW_SIGNAL means it passed the relaxed shortlist threshold and still requires independent source/gold verification. No row is accepted as gold automatically.
CH-0419,Tra cứu thông tin: Mẹo chọn mua máy giặt tiết kiệm điện nước cho gia đình (Mã CH-0419)?,general,HIGH_SIGNAL,7,5,"[""gia"", ""kiệm"", ""mẹo"", ""tiết"", ""đình""]",0.333333,83.3333,tra cứu thông tin mẹo chọn mua máy,canonical_fetch_existing,https://vietnamnet.vn/doi-song/meo-vat,"Mẹo vặt cuộc sống - Các mẹo đơn giản, dễ làm chị em nên biết",DDG_REQUEST_ERROR,,,[],[],,SOURCE_FETCHED_NOT_REVIEWED,human_review_after_ddg_short_alignment,Pre-review filter only. HIGH_SIGNAL means >=2 shared terms and >=0.20 coverage; REVIEW_SIGNAL means it passed the relaxed shortlist threshold and still requires independent source/gold verification. No row is accepted as gold automatically.
CH-0455,Tra cứu thông tin: Lịch thi tốt nghiệp THPT Quốc gia năm nay (Mã CH-0455)?,general,HIGH_SIGNAL,8,4,"[""nghiệp"", ""thi"", ""thông"", ""tốt""]",0.363636,81.3636,tra cứu thông tin lịch thi tốt nghiệp,canonical_fetch_existing,https://vi.wikipedia.org/wiki/K%E1%BB%B3_thi_t%E1%BB%91t_nghi%E1%BB%87p_trung_h%E1%BB%8Dc_ph%E1%BB%95_th%C3%B4ng,Kỳ thi tốt nghiệp trung học phổ thông – Wikipedia tiếng Việt,DDG_REQUEST_ERROR,,,[],[],,SOURCE_FETCHED_NOT_REVIEWED,human_review_after_ddg_short_alignment,Pre-review filter only. HIGH_SIGNAL means >=2 shared terms and >=0.20 coverage; REVIEW_SIGNAL means it passed the relaxed shortlist threshold and still requires independent source/gold verification. No row is accepted as gold automatically.
CH-0921,Tra cứu thông tin: Quy định mới về an toàn thông tin mạng tại Việt Nam (Mã CH-0921)?,general,HIGH_SIGNAL,9,4,"[""cứu"", ""quy"", ""tra"", ""việt""]",0.363636,76.3636,tra cứu thông tin quy định an toàn,canonical_fetch_existing,http://tratu.soha.vn/dict/vn_vn/Quy,Nghĩa của từ Quy - Từ điển Việt - Việt,DDG_REQUEST_ERROR,,,[],[],,SOURCE_FETCHED_NOT_REVIEWED,human_review_after_ddg_short_alignment,Pre-review filter only. HIGH_SIGNAL means >=2 shared terms and >=0.20 coverage; REVIEW_SIGNAL means it passed the relaxed shortlist threshold and still requires independent source/gold verification. No row is accepted as gold automatically.
CH-0421,Tra cứu thông tin: Quy định mới về an toàn thông tin mạng tại Việt Nam (Mã CH-0421)?,general,HIGH_SIGNAL,10,4,"[""cứu"", ""quy"", ""tra"", ""việt""]",0.363636,76.3636,tra cứu thông tin quy định an toàn,canonical_fetch_existing,http://tratu.soha.vn/dict/vn_vn/Quy,Nghĩa của từ Quy - Từ điển Việt - Việt,DDG_REQUEST_ERROR,,,[],[],,SOURCE_FETCHED_NOT_REVIEWED,human_review_after_ddg_short_alignment,Pre-review filter only. HIGH_SIGNAL means >=2 shared terms and >=0.20 coverage; REVIEW_SIGNAL means it passed the relaxed shortlist threshold and still requires independent source/gold verification. No row is accepted as gold automatically.
CH-0718,Hướng dẫn và quy định liên quan đến giải pháp năng lượng tái tạo từ điện gió và điện mặt trời (Mã CH-0718)?,general,HIGH_SIGNAL,11,4,"[""lượng"", ""mặt"", ""năng"", ""trời""]",0.266667,71.6667,hướng dẫn quy định liên quan pháp năng,canonical_fetch_existing,https://vi.wikipedia.org/wiki/N%C4%83ng_l%C6%B0%E1%BB%A3ng_M%E1%BA%B7t_Tr%E1%BB%9Di,Năng lượng Mặt Trời – Wikipedia tiếng Việt,DDG_API_OK,,,[],[],,SOURCE_FETCHED_NOT_REVIEWED,human_review_after_ddg_short_alignment,Pre-review filter only. HIGH_SIGNAL means >=2 shared terms and >=0.20 coverage; REVIEW_SIGNAL means it passed the relaxed shortlist threshold and still requires independent source/gold verification. No row is accepted as gold automatically.
CH-0716,Hướng dẫn và quy định liên quan đến các triều đại phong kiến kéo dài nhất trong lịch sử việt nam (Mã CH-0716)?,general,HIGH_SIGNAL,12,4,"[""lịch"", ""nam"", ""sử"", ""việt""]",0.25,70.0,hướng dẫn quy định liên quan triều đại,canonical_fetch_existing,https://vi.wikipedia.org/wiki/L%E1%BB%8Bch_s%E1%BB%AD_Vi%E1%BB%87t_Nam,Lịch sử Việt Nam – Wikipedia tiếng Việt,DDG_REQUEST_ERROR,,,[],[],,SOURCE_FETCHED_NOT_REVIEWED,human_review_after_ddg_short_alignment,Pre-review filter only. HIGH_SIGNAL means >=2 shared terms and >=0.20 coverage; REVIEW_SIGNAL means it passed the relaxed shortlist threshold and still requires independent source/gold verification. No row is accepted as gold automatically.
CH-0994,Tra cứu thông tin: Quy trình khám chữa bệnh bằng BHYT tại bệnh viện tuyến tỉnh (Mã CH-0994)?,general,HIGH_SIGNAL,13,4,"[""cứu"", ""quy"", ""tra"", ""tuyến""]",0.285714,68.5714,tra cứu thông tin quy trình khám chữa,canonical_fetch_existing,http://tratu.soha.vn/dict/vn_vn/Quy,Nghĩa của từ Quy - Từ điển Việt - Việt,DDG_REQUEST_ERROR,,,[],[],,SOURCE_FETCHED_NOT_REVIEWED,human_review_after_ddg_short_alignment,Pre-review filter only. HIGH_SIGNAL means >=2 shared terms and >=0.20 coverage; REVIEW_SIGNAL means it passed the relaxed shortlist threshold and still requires independent source/gold verification. No row is accepted as gold automatically.
CH-0973,Tra cứu thông tin: Luật Bảo vệ người tiêu dùng quy định quyền hạn gì (Mã CH-0973)?,general,HIGH_SIGNAL,14,4,"[""cứu"", ""luật"", ""tra"", ""định""]",0.285714,68.5714,tra cứu thông tin luật bảo vệ người,canonical_fetch_existing,https://thuvienphapluat.vn/,"THƯ VIỆN PHÁP LUẬT _ Tra cứu, Nắm bắt Pháp Luật Việt Nam",DDG_REQUEST_ERROR,,,[],[],,SOURCE_FETCHED_NOT_REVIEWED,human_review_after_ddg_short_alignment,Pre-review filter only. HIGH_SIGNAL means >=2 shared terms and >=0.20 coverage; REVIEW_SIGNAL means it passed the relaxed shortlist threshold and still requires independent source/gold verification. No row is accepted as gold automatically.
CH-0494,Tra cứu thông tin: Quy trình khám chữa bệnh bằng BHYT tại bệnh viện tuyến tỉnh (Mã CH-0494)?,general,HIGH_SIGNAL,15,4,"[""cứu"", ""quy"", ""tra"", ""tuyến""]",0.285714,68.5714,tra cứu thông tin quy trình khám chữa,canonical_fetch_existing,http://tratu.soha.vn/dict/vn_vn/Quy,Nghĩa của từ Quy - Từ điển Việt - Việt,DDG_REQUEST_ERROR,,,[],[],,SOURCE_FETCHED_NOT_REVIEWED,human_review_after_ddg_short_alignment,Pre-review filter only. HIGH_SIGNAL means >=2 shared terms and >=0.20 coverage; REVIEW_SIGNAL means it passed the relaxed shortlist threshold and still requires independent source/gold verification. No row is accepted as gold automatically.
CH-0473,Tra cứu thông tin: Luật Bảo vệ người tiêu dùng quy định quyền hạn gì (Mã CH-0473)?,general,HIGH_SIGNAL,16,4,"[""cứu"", ""luật"", ""tra"", ""định""]",0.285714,68.5714,tra cứu thông tin luật bảo vệ người,canonical_fetch_existing,https://thuvienphapluat.vn/,"THƯ VIỆN PHÁP LUẬT _ Tra cứu, Nắm bắt Pháp Luật Việt Nam",DDG_REQUEST_ERROR,,,[],[],,SOURCE_FETCHED_NOT_REVIEWED,human_review_after_ddg_short_alignment,Pre-review filter only. HIGH_SIGNAL means >=2 shared terms and >=0.20 coverage; REVIEW_SIGNAL means it passed the relaxed shortlist threshold and still requires independent source/gold verification. No row is accepted as gold automatically.
CH-0198,Thông tin chi tiết về tác dụng của rừng ngập mặn đối với việc chắn sóng và biến đổi khí hậu (Mã CH-0198)?,general,HIGH_SIGNAL,17,4,"[""biến"", ""hậu"", ""khí"", ""đổi""]",0.235294,68.5294,thông tin chi tiết tác dụng rừng ngập,canonical_fetch_existing,https://vi.wikipedia.org/wiki/Bi%E1%BA%BFn_%C4%91%E1%BB%95i_kh%C3%AD_h%E1%BA%ADu,Biến đổi khí hậu – Wikipedia tiếng Việt,DDG_REQUEST_ERROR,,,[],[],,SOURCE_FETCHED_NOT_REVIEWED,human_review_after_ddg_short_alignment,Pre-review filter only. HIGH_SIGNAL means >=2 shared terms and >=0.20 coverage; REVIEW_SIGNAL means it passed the relaxed shortlist threshold and still requires independent source/gold verification. No row is accepted as gold automatically.
CH-0021,Quy định mới về an toàn thông tin mạng tại Việt Nam mới nhất năm nay (Mã CH-0021)?,general,HIGH_SIGNAL,18,3,"[""an"", ""nam"", ""việt""]",0.333333,68.3333,quy định an toàn thông tin mạng việt,canonical_fetch_existing,https://vi.wikipedia.org/wiki/B%E1%BB%99_C%C3%B4ng_an_(Vi%E1%BB%87t_Nam),Bộ Công an (Việt Nam) – Wikipedia tiếng Việt,DDG_API_OK,,,[],[],,SOURCE_FETCHED_NOT_REVIEWED,human_review_after_ddg_short_alignment,Pre-review filter only. HIGH_SIGNAL means >=2 shared terms and >=0.20 coverage; REVIEW_SIGNAL means it passed the relaxed shortlist threshold and still requires independent source/gold verification. No row is accepted as gold automatically.
CH-0855,Phân tích và thực trạng về lịch thi tốt nghiệp thpt quốc gia năm nay (Mã CH-0855)?,general,HIGH_SIGNAL,19,3,"[""gia"", ""quốc"", ""thi""]",0.272727,62.2727,phân tích thực trạng lịch thi tốt nghiệp,canonical_fetch_existing,https://vi.wikipedia.org/wiki/K%E1%BB%B3_thi_trung_h%E1%BB%8Dc_ph%E1%BB%95_th%C3%B4ng_qu%E1%BB%91c_gia,Kỳ thi trung học phổ thông quốc gia – Wikipedia tiếng Việt,DDG_REQUEST_ERROR,,,[],[],,SOURCE_FETCHED_NOT_REVIEWED,human_review_after_ddg_short_alignment,Pre-review filter only. HIGH_SIGNAL means >=2 shared terms and >=0.20 coverage; REVIEW_SIGNAL means it passed the relaxed shortlist threshold and still requires independent source/gold verification. No row is accepted as gold automatically.
CH-0090,Luật việt vị trong bóng đá được quy định cụ thể ra sao mới nhất năm nay (Mã CH-0090)?,general,HIGH_SIGNAL,20,3,"[""luật"", ""việt"", ""định""]",0.3,60.0,luật việt vị bóng đá quy định cụ,canonical_fetch_existing,https://thuvienphapluat.vn/,"THƯ VIỆN PHÁP LUẬT _ Tra cứu, Nắm bắt Pháp Luật Việt Nam",DDG_REQUEST_ERROR,,,[],[],,SOURCE_FETCHED_NOT_REVIEWED,human_review_after_ddg_short_alignment,Pre-review filter only. HIGH_SIGNAL means >=2 shared terms and >=0.20 coverage; REVIEW_SIGNAL means it passed the relaxed shortlist threshold and still requires independent source/gold verification. No row is accepted as gold automatically.
CH-0013,Quy định về thời giờ làm việc và nghỉ ngơi theo Luật Lao động mới nhất năm nay (Mã CH-0013)?,general,HIGH_SIGNAL,21,3,"[""lao"", ""quy"", ""việc""]",0.3,60.0,quy định thời giờ việc nghỉ ngơi luật,canonical_fetch_existing,http://tratu.soha.vn/dict/vn_vn/Quy,Nghĩa của từ Quy - Từ điển Việt - Việt,DDG_API_OK,,,[],[],,SOURCE_FETCHED_NOT_REVIEWED,human_review_after_ddg_short_alignment,Pre-review filter only. HIGH_SIGNAL means >=2 shared terms and >=0.20 coverage; REVIEW_SIGNAL means it passed the relaxed shortlist threshold and still requires independent source/gold verification. No row is accepted as gold automatically.
CH-0152,Thông tin chi tiết về tình hình xuất nhập khẩu hàng hóa việt nam năm nay (Mã CH-0152)?,general,HIGH_SIGNAL,22,3,"[""hình"", ""nam"", ""việt""]",0.230769,58.0769,thông tin chi tiết tình hình xuất nhập,canonical_fetch_existing,https://vi.wikipedia.org/wiki/%C4%90%C3%A0i_Truy%E1%BB%81n_h%C3%ACnh_Vi%E1%BB%87t_Nam,Đài Truyền hình Việt Nam – Wikipedia tiếng Việt,DDG_REQUEST_ERROR,,,[],[],,SOURCE_FETCHED_NOT_REVIEWED,human_review_after_ddg_short_alignment,Pre-review filter only. HIGH_SIGNAL means >=2 shared terms and >=0.20 coverage; REVIEW_SIGNAL means it passed the relaxed shortlist threshold and still requires independent source/gold verification. No row is accepted as gold automatically.
CH-0290,Hướng dẫn và quy định liên quan đến luật việt vị trong bóng đá được quy định cụ thể ra sao (Mã CH-0290)?,general,HIGH_SIGNAL,23,3,"[""liên"", ""quan"", ""việt""]",0.214286,56.4286,hướng dẫn quy định liên quan luật việt,canonical_fetch_existing,"https://vi.wikipedia.org/wiki/Danh_s%C3%A1ch_tranh_c%C3%A3i,_v%E1%BB%A5_vi%E1%BB%87c_li%C3%AAn_quan_%C4%91%E1%BA%BFn_%C4%90%C3%A0i_Truy%E1%BB%81n_h%C3%ACnh_Vi%E1%BB%87t_Nam","Danh sách tranh cãi, vụ việc liên quan đến Đài Truyền hình Việt Nam – Wikipedia tiếng Việt",DDG_REQUEST_ERROR,,,[],[],,SOURCE_FETCHED_NOT_REVIEWED,human_review_after_ddg_short_alignment,Pre-review filter only. HIGH_SIGNAL means >=2 shared terms and >=0.20 coverage; REVIEW_SIGNAL means it passed the relaxed shortlist threshold and still requires independent source/gold verification. No row is accepted as gold automatically.
CH-0972,Tra cứu thông tin: Quy trình thành lập doanh nghiệp cổ phần (Mã CH-0972)?,general,HIGH_SIGNAL,24,3,"[""cứu"", ""quy"", ""tra""]",0.25,55.0,tra cứu thông tin quy trình thành lập,canonical_fetch_existing,http://tratu.soha.vn/dict/vn_vn/Quy,Nghĩa của từ Quy - Từ điển Việt - Việt,DDG_REQUEST_ERROR,,,[],[],,SOURCE_FETCHED_NOT_REVIEWED,human_review_after_ddg_short_alignment,Pre-review filter only. HIGH_SIGNAL means >=2 shared terms and >=0.20 coverage; REVIEW_SIGNAL means it passed the relaxed shortlist threshold and still requires independent source/gold verification. No row is accepted as gold automatically.
CH-0472,Tra cứu thông tin: Quy trình thành lập doanh nghiệp cổ phần (Mã CH-0472)?,general,HIGH_SIGNAL,25,3,"[""cứu"", ""quy"", ""tra""]",0.25,55.0,tra cứu thông tin quy trình thành lập,canonical_fetch_existing,http://tratu.soha.vn/dict/vn_vn/Quy,Nghĩa của từ Quy - Từ điển Việt - Việt,DDG_REQUEST_ERROR,,,[],[],,SOURCE_FETCHED_NOT_REVIEWED,human_review_after_ddg_short_alignment,Pre-review filter only. HIGH_SIGNAL means >=2 shared terms and >=0.20 coverage; REVIEW_SIGNAL means it passed the relaxed shortlist threshold and still requires independent source/gold verification. No row is accepted as gold automatically.
CH-0544,Cách phân biệt sốt xuất huyết và sốt siêu vi mới nhất năm nay (Mã CH-0544)?,general,HIGH_SIGNAL,26,2,"[""phân"", ""vi""]",0.285714,53.5714,phân biệt sốt xuất huyết siêu vi,canonical_fetch_existing,https://vi.wikipedia.org/wiki/Ph%C3%A2n,Phân – Wikipedia tiếng Việt,DDG_REQUEST_ERROR,,,[],[],,SOURCE_FETCHED_NOT_REVIEWED,human_review_after_ddg_short_alignment,Pre-review filter only. HIGH_SIGNAL means >=2 shared terms and >=0.20 coverage; REVIEW_SIGNAL means it passed the relaxed shortlist threshold and still requires independent source/gold verification. No row is accepted as gold automatically.
CH-0044,Cách phân biệt sốt xuất huyết và sốt siêu vi mới nhất năm nay (Mã CH-0044)?,general,HIGH_SIGNAL,27,2,"[""phân"", ""vi""]",0.285714,53.5714,phân biệt sốt xuất huyết siêu vi,canonical_fetch_existing,https://vi.wikipedia.org/wiki/Ph%C3%A2n,Phân – Wikipedia tiếng Việt,DDG_API_OK,,,[],[],,SOURCE_FETCHED_NOT_REVIEWED,human_review_after_ddg_short_alignment,Pre-review filter only. HIGH_SIGNAL means >=2 shared terms and >=0.20 coverage; REVIEW_SIGNAL means it passed the relaxed shortlist threshold and still requires independent source/gold verification. No row is accepted as gold automatically.
CH-0963,Tra cứu thông tin: Quy định về bồi thường khi nhà nước thu hồi đất (Mã CH-0963)?,general,HIGH_SIGNAL,28,3,"[""cứu"", ""quy"", ""tra""]",0.230769,53.0769,tra cứu thông tin quy định bồi thường,canonical_fetch_existing,http://tratu.soha.vn/dict/vn_vn/Quy,Nghĩa của từ Quy - Từ điển Việt - Việt,DDG_REQUEST_ERROR,,,[],[],,SOURCE_FETCHED_NOT_REVIEWED,human_review_after_ddg_short_alignment,Pre-review filter only. HIGH_SIGNAL means >=2 shared terms and >=0.20 coverage; REVIEW_SIGNAL means it passed the relaxed shortlist threshold and still requires independent source/gold verification. No row is accepted as gold automatically.
CH-0912,Tra cứu thông tin: Diễn biến thị trường chứng khoán Việt Nam tuần qua (Mã CH-0912)?,general,HIGH_SIGNAL,29,3,"[""diễn"", ""tra"", ""việt""]",0.230769,53.0769,tra cứu thông tin diễn biến thị trường,canonical_fetch_existing,https://hvdic.thivien.net/hv/di%E1%BB%85n,Tra từ: diễn - Từ điển Hán Nôm,DDG_REQUEST_ERROR,,,[],[],,SOURCE_FETCHED_NOT_REVIEWED,human_review_after_ddg_short_alignment,Pre-review filter only. HIGH_SIGNAL means >=2 shared terms and >=0.20 coverage; REVIEW_SIGNAL means it passed the relaxed shortlist threshold and still requires independent source/gold verification. No row is accepted as gold automatically.
CH-0910,Tra cứu thông tin: Luật thi đấu môn Cầu lông mới nhất của Liên đoàn Thế giới (Mã CH-0910)?,general,HIGH_SIGNAL,30,3,"[""cứu"", ""luật"", ""tra""]",0.230769,53.0769,tra cứu thông tin luật thi đấu môn,canonical_fetch_existing,https://thuvienphapluat.vn/,"THƯ VIỆN PHÁP LUẬT _ Tra cứu, Nắm bắt Pháp Luật Việt Nam",DDG_REQUEST_ERROR,,,[],[],,SOURCE_FETCHED_NOT_REVIEWED,human_review_after_ddg_short_alignment,Pre-review filter only. HIGH_SIGNAL means >=2 shared terms and >=0.20 coverage; REVIEW_SIGNAL means it passed the relaxed shortlist threshold and still requires independent source/gold verification. No row is accepted as gold automatically.
CH-0908,Tra cứu thông tin: Tác động của hiện tượng El Nino đến thời tiết Việt Nam (Mã CH-0908)?,general,HIGH_SIGNAL,31,3,"[""tra"", ""tác"", ""việt""]",0.230769,53.0769,tra cứu thông tin tác động tượng el,canonical_fetch_existing,https://hvdic.thivien.net/hv/t%C3%A1c,Tra từ: tác - Từ điển Hán Nôm,DDG_REQUEST_ERROR,,,[],[],,SOURCE_FETCHED_NOT_REVIEWED,human_review_after_ddg_short_alignment,Pre-review filter only. HIGH_SIGNAL means >=2 shared terms and >=0.20 coverage; REVIEW_SIGNAL means it passed the relaxed shortlist threshold and still requires independent source/gold verification. No row is accepted as gold automatically.
CH-0463,Tra cứu thông tin: Quy định về bồi thường khi nhà nước thu hồi đất (Mã CH-0463)?,general,HIGH_SIGNAL,32,3,"[""cứu"", ""quy"", ""tra""]",0.230769,53.0769,tra cứu thông tin quy định bồi thường,canonical_fetch_existing,http://tratu.soha.vn/dict/vn_vn/Quy,Nghĩa của từ Quy - Từ điển Việt - Việt,DDG_REQUEST_ERROR,,,[],[],,SOURCE_FETCHED_NOT_REVIEWED,human_review_after_ddg_short_alignment,Pre-review filter only. HIGH_SIGNAL means >=2 shared terms and >=0.20 coverage; REVIEW_SIGNAL means it passed the relaxed shortlist threshold and still requires independent source/gold verification. No row is accepted as gold automatically.
CH-0408,Tra cứu thông tin: Tác động của hiện tượng El Nino đến thời tiết Việt Nam (Mã CH-0408)?,general,HIGH_SIGNAL,33,3,"[""tra"", ""tác"", ""việt""]",0.230769,53.0769,tra cứu thông tin tác động tượng el,canonical_fetch_existing,https://hvdic.thivien.net/hv/t%C3%A1c,Tra từ: tác - Từ điển Hán Nôm,DDG_REQUEST_ERROR,,,[],[],,SOURCE_FETCHED_NOT_REVIEWED,human_review_after_ddg_short_alignment,Pre-review filter only. HIGH_SIGNAL means >=2 shared terms and >=0.20 coverage; REVIEW_SIGNAL means it passed the relaxed shortlist threshold and still requires independent source/gold verification. No row is accepted as gold automatically.
CH-0954,Tra cứu thông tin: Tập luyện yoga hỗ trợ giảm đau lưng và cột sống (Mã CH-0954)?,general,HIGH_SIGNAL,34,3,"[""luyện"", ""tra"", ""tập""]",0.214286,51.4286,tra cứu thông tin tập luyện yoga hỗ,canonical_fetch_existing,https://www.typingstudy.com/vi,Luyện gõ 10 ngón trực tuyến,DDG_REQUEST_ERROR,,,[],[],,SOURCE_FETCHED_NOT_REVIEWED,human_review_after_ddg_short_alignment,Pre-review filter only. HIGH_SIGNAL means >=2 shared terms and >=0.20 coverage; REVIEW_SIGNAL means it passed the relaxed shortlist threshold and still requires independent source/gold verification. No row is accepted as gold automatically.
CH-0913,Tra cứu thông tin: Quy định về thời giờ làm việc và nghỉ ngơi theo Luật Lao động (Mã CH-0913)?,general,HIGH_SIGNAL,35,3,"[""cứu"", ""quy"", ""tra""]",0.214286,51.4286,tra cứu thông tin quy định thời giờ,canonical_fetch_existing,http://tratu.soha.vn/dict/vn_vn/Quy,Nghĩa của từ Quy - Từ điển Việt - Việt,DDG_REQUEST_ERROR,,,[],[],,SOURCE_FETCHED_NOT_REVIEWED,human_review_after_ddg_short_alignment,Pre-review filter only. HIGH_SIGNAL means >=2 shared terms and >=0.20 coverage; REVIEW_SIGNAL means it passed the relaxed shortlist threshold and still requires independent source/gold verification. No row is accepted as gold automatically.
CH-0454,Tra cứu thông tin: Tập luyện yoga hỗ trợ giảm đau lưng và cột sống (Mã CH-0454)?,general,HIGH_SIGNAL,36,3,"[""luyện"", ""tra"", ""tập""]",0.214286,51.4286,tra cứu thông tin tập luyện yoga hỗ,canonical_fetch_existing,https://www.typingstudy.com/vi,Luyện gõ 10 ngón trực tuyến,DDG_REQUEST_ERROR,,,[],[],,SOURCE_FETCHED_NOT_REVIEWED,human_review_after_ddg_short_alignment,Pre-review filter only. HIGH_SIGNAL means >=2 shared terms and >=0.20 coverage; REVIEW_SIGNAL means it passed the relaxed shortlist threshold and still requires independent source/gold verification. No row is accepted as gold automatically.
CH-0413,Tra cứu thông tin: Quy định về thời giờ làm việc và nghỉ ngơi theo Luật Lao động (Mã CH-0413)?,general,HIGH_SIGNAL,37,3,"[""cứu"", ""quy"", ""tra""]",0.214286,51.4286,tra cứu thông tin quy định thời giờ,canonical_fetch_existing,http://tratu.soha.vn/dict/vn_vn/Quy,Nghĩa của từ Quy - Từ điển Việt - Việt,DDG_REQUEST_ERROR,,,[],[],,SOURCE_FETCHED_NOT_REVIEWED,human_review_after_ddg_short_alignment,Pre-review filter only. HIGH_SIGNAL means >=2 shared terms and >=0.20 coverage; REVIEW_SIGNAL means it passed the relaxed shortlist threshold and still requires independent source/gold verification. No row is accepted as gold automatically.
CH-0902,Tra cứu thông tin: Chính sách tiền tệ điều hành lãi suất của Ngân hàng Nhà nước (Mã CH-0902)?,general,HIGH_SIGNAL,38,3,"[""chính"", ""thông"", ""tin""]",0.2,50.0,tra cứu thông tin chính sách tiền tệ,canonical_fetch_existing,https://chinhphu.vn/,Cổng Thông tin điện tử Chính phủ,DDG_REQUEST_ERROR,,,[],[],,SOURCE_FETCHED_NOT_REVIEWED,human_review_after_ddg_short_alignment,Pre-review filter only. HIGH_SIGNAL means >=2 shared terms and >=0.20 coverage; REVIEW_SIGNAL means it passed the relaxed shortlist threshold and still requires independent source/gold verification. No row is accepted as gold automatically.
CH-0402,Tra cứu thông tin: Chính sách tiền tệ điều hành lãi suất của Ngân hàng Nhà nước (Mã CH-0402)?,general,HIGH_SIGNAL,39,3,"[""chính"", ""thông"", ""tin""]",0.2,50.0,tra cứu thông tin chính sách tiền tệ,canonical_fetch_existing,https://chinhphu.vn/,Cổng Thông tin điện tử Chính phủ,DDG_REQUEST_ERROR,,,[],[],,SOURCE_FETCHED_NOT_REVIEWED,human_review_after_ddg_short_alignment,Pre-review filter only. HIGH_SIGNAL means >=2 shared terms and >=0.20 coverage; REVIEW_SIGNAL means it passed the relaxed shortlist threshold and still requires independent source/gold verification. No row is accepted as gold automatically.
CH-0970,Tra cứu thông tin: Tập luyện Yoga hỗ trợ cải thiện vóc dáng và sự dẻo dai (Mã CH-0970)?,general,REVIEW_SIGNAL,40,3,"[""luyện"", ""tra"", ""tập""]",0.1875,48.75,tra cứu thông tin tập luyện yoga hỗ,canonical_fetch_existing,https://www.typingstudy.com/vi,Luyện gõ 10 ngón trực tuyến,DDG_REQUEST_ERROR,,,[],[],,SOURCE_FETCHED_NOT_REVIEWED,human_review_after_ddg_short_alignment,Pre-review filter only. HIGH_SIGNAL means >=2 shared terms and >=0.20 coverage; REVIEW_SIGNAL means it passed the relaxed shortlist threshold and still requires independent source/gold verification. No row is accepted as gold automatically.
CH-0470,Tra cứu thông tin: Tập luyện Yoga hỗ trợ cải thiện vóc dáng và sự dẻo dai (Mã CH-0470)?,general,REVIEW_SIGNAL,41,3,"[""luyện"", ""tra"", ""tập""]",0.1875,48.75,tra cứu thông tin tập luyện yoga hỗ,canonical_fetch_existing,https://www.typingstudy.com/vi,Luyện gõ 10 ngón trực tuyến,DDG_REQUEST_ERROR,,,[],[],,SOURCE_FETCHED_NOT_REVIEWED,human_review_after_ddg_short_alignment,Pre-review filter only. HIGH_SIGNAL means >=2 shared terms and >=0.20 coverage; REVIEW_SIGNAL means it passed the relaxed shortlist threshold and still requires independent source/gold verification. No row is accepted as gold automatically.
CH-0592,Giải pháp kiềm chế lạm phát của các nền kinh tế lớn mới nhất năm nay (Mã CH-0592)?,general,HIGH_SIGNAL,42,2,"[""lạm"", ""phát""]",0.222222,47.2222,pháp kiềm chế lạm phát nền kinh tế,canonical_fetch_existing,https://vi.wikipedia.org/wiki/L%E1%BA%A1m_ph%C3%A1t,Lạm phát – Wikipedia tiếng Việt,DDG_API_OK,,,[],[],,SOURCE_FETCHED_NOT_REVIEWED,human_review_after_ddg_short_alignment,Pre-review filter only. HIGH_SIGNAL means >=2 shared terms and >=0.20 coverage; REVIEW_SIGNAL means it passed the relaxed shortlist threshold and still requires independent source/gold verification. No row is accepted as gold automatically.
CH-0552,Tình hình xuất nhập khẩu hàng hóa Việt Nam năm nay mới nhất năm nay (Mã CH-0552)?,general,HIGH_SIGNAL,43,2,"[""tình"", ""việt""]",0.222222,47.2222,tình hình xuất nhập khẩu hàng hóa việt,canonical_fetch_existing,https://vi.wikipedia.org/wiki/T%C3%ACnh_y%C3%AAu,Tình yêu – Wikipedia tiếng Việt,DDG_REQUEST_ERROR,,,[],[],,SOURCE_FETCHED_NOT_REVIEWED,human_review_after_ddg_short_alignment,Pre-review filter only. HIGH_SIGNAL means >=2 shared terms and >=0.20 coverage; REVIEW_SIGNAL means it passed the relaxed shortlist threshold and still requires independent source/gold verification. No row is accepted as gold automatically.
CH-0527,Nghệ thuật hội họa Ấn tượng và các họa sĩ danh tiếng mới nhất năm nay (Mã CH-0527)?,general,HIGH_SIGNAL,44,2,"[""nghệ"", ""tiếng""]",0.222222,47.2222,nghệ thuật hội họa ấn tượng sĩ danh,canonical_fetch_existing,https://vi.wikipedia.org/wiki/Ngh%E1%BB%87,Nghệ – Wikipedia tiếng Việt,DDG_REQUEST_ERROR,,,[],[],,SOURCE_FETCHED_NOT_REVIEWED,human_review_after_ddg_short_alignment,Pre-review filter only. HIGH_SIGNAL means >=2 shared terms and >=0.20 coverage; REVIEW_SIGNAL means it passed the relaxed shortlist threshold and still requires independent source/gold verification. No row is accepted as gold automatically.
CH-0052,Tình hình xuất nhập khẩu hàng hóa Việt Nam năm nay mới nhất năm nay (Mã CH-0052)?,general,HIGH_SIGNAL,45,2,"[""tình"", ""việt""]",0.222222,47.2222,tình hình xuất nhập khẩu hàng hóa việt,canonical_fetch_existing,https://vi.wikipedia.org/wiki/T%C3%ACnh_y%C3%AAu,Tình yêu – Wikipedia tiếng Việt,DDG_API_OK,,,"[{""chunk_id"": ""doc-f31802c3954c5f2e-chunk-001"", ""document_id"": ""doc-f31802c3954c5f2e"", ""source_url"": ""https://vi.wikipedia.org/wiki/C%E1%BB%A5c_Qu%E1%BA%A3n_l%C3%BD_xu%E1%BA%A5t_nh%E1%BA%ADp_c%E1%BA%A3nh,_B%E1%BB%99_C%C3%B4ng_an_(Vi%E1%BB%87t_Nam)"", ""source_title"": ""Cục Quản lý xuất nhập cảnh, Bộ Công an (Việt Nam)"", ""text"": ""Cục Quản lý xuất nhập cảnh (A08) trực thuộc Bộ Công an Việt Nam là cơ quan đầu ngành tham mưu cho Đảng ủy Công an Trung ương, thủ trưởng của Bộ Công an lãnh đạo, chỉ đạo toàn diện các mặt công tác xuất nhập cảnh.\n\n\n== Lịch sử ==\nNgày 13 tháng 5 năm 1953, Cục Quản lý xuất nhập cảnh với tiền thân là Phòng Quản lý Ngoại kiều và Phòng Công an Biên phòng, được thành lập theo Nghị định số 74 của Thứ Bộ Công an (nay là Bộ Công an).\nTheo Nghị định số 01/NĐ–CP ngày 6 tháng 8 năm 2018 quy định về chức năng, nhiệm vụ, quyền hạn và cơ cấu tổ chức bộ máy của Bộ Công an, sau khi giải thể các Tổng cục, Cục Quản lý xuất nhập cảnh được thành lập trên hợp nhất một số cục và trực thuộc Bộ Công an.\n\n\n== Lãnh đạo đương nhiệm ==\n\n\n==== Cục trưởng ====\nThiếu tướng Cao Minh Huyền, Bí thư Đảng ủy\n\n\n==== Phó Cục trưởng ====\nThiếu tướng Lê Hồng Thái\nThiếu tướng Nguyễn Bá Tuấn\nĐại tá Đặng Tuấn Việt\nĐại tá Trương Thị Thu Ba\nĐại tá Vũ Văn Quân\nĐại tá Phạm Hoàng Điệp (kiêm nhiệm Giám đốc Trung tâm An ninh hàng không quốc gia)\nĐại tá Phạm Vũ Hương Giang\n\n\n== Tổ chức ==\nPhòng Tham mưu\nPhòng Hậu cần (Phòng 2)\nPhòng Quản lý nhập cảnh, xuất cảnh, cư trú của người nước ngoài (Phòng 4)\nPhòng Quản lý xuất nhập cảnh của công dân Việt Nam (Phòng 3)\nPhòng Ứng dụng Công nghệ thông tin và Quản lý hồ sơ xuất nhập cảnh (Phòng 5)\nTrung tâm An ninh hàng không quốc gia\nCông an cửa khẩu Cảng hàng không quốc tế Nội Bài\nCông an cửa khẩu Cảng hàng không quốc tế Tân Sơn Nhất\nCông an Cửa khẩu Cảng hàng không quốc tế Đà Nẵng\nCông an cửa khẩu Cảng hàng không quốc tế Cam Ranh\nCông an cửa khẩu Cảng hàng không quốc tế Phú Quốc\nCông an cửa khẩu Cảng hàng không quốc tế Long Thành\nCông an cửa khẩu Cảng hàng không quốc tế Cát Bi\nCơ quan Ủy ban kiểm tra Đảng ủy Cục Quản lý xuất nhập cảnh\n\n\n== Khen thưởng ==\nHuân chương Hồ Chí Minh (2008)\nAnh hùng lực lượng vũ trang nhân dân (2013)\nHuân chương Lao động hạng Ba\n\n\n== Cục trưởng qua các thời kỳ ==\nĐại tá Đặng Ngọc Ánh\nTrung tướng Bùi Mậu Quân, từ 8.2018–5.2020, nguyên Phó Tổng cục trưởng Tổng cục An ninh\nThiếu tướng Quách Huy Hoàng, từ 5.2020–2.2022, nguyên Phó Bí thư Đảng ủy, Phó Cục trưởng A08 \nĐại tá Đỗ Triệu Phong, từ 3.2022–6.2022, nguyên Giám đốc Công an tỉnh Kiên Giang, hiện là Cục trưởng Cục truyền thông CAND.\nTrung tướng Phạm Đăng Khoa, từ 29.6.2022 - 10.8.2026, nguyên Cục trưởng Cục Viễn thông và Cơ yếu, hiện là Thành viên Ban Nghiên cứu chuyên đề giúp việc Bộ trưởng Bộ Công an.\nThiếu tướng Cao Minh Huyền, từ 10.8.2026 - nay, nguyên Giám đốc Công an tỉnh Lào Cai.\n\n\n== Phó Cục trưởng qua các thời kỳ ==\nĐại tá Nguyễn Văn Thống \nĐại tá Lê Hồng Thái, từ 2016–nay\nĐại tá Vũ Văn Hưng, từ 2018–nay\nĐại tá Trịnh Thanh Cao, từ 2018–nay\nĐại tá Trần Văn Dự, từ 2019–2022 (đã bị tước danh hiệu CAND)\nĐại tá Nguyễn Bá Tuấn, từ 2019–nay\nĐại tá Đặng Tuấn Việt, từ 12.2021–nay, nguyên Trưởng phòng Quản lý nhập cảnh, xuất cảnh, cư trú của người nước ngoài, A08\nĐại tá Vũ Văn Quân, từ 03.01.2023–nay, nguyên là Phó Giám đốc Công an tỉnh Bắc Kạn\nĐại tá Phạm Hoàng Điệp 27.02.2025-nay, nguyên Phó Giám đốc Công an tỉnh Tuyên Quang\nĐại tá Phạm Vũ Hương Giang, từ 26.11.2025–nay, nguyên Trưởng Công an Cửa khẩu Quốc tế Tân Sơn Nhất\n\n\n== Chú thích =="", ""content_hash"": ""sha256:504e920842896d06bf32442637ace58080d66a526168c5275b0788b729e3a7f4""}]",[],,SOURCE_FETCHED_NOT_REVIEWED,human_review_after_ddg_short_alignment,Pre-review filter only. HIGH_SIGNAL means >=2 shared terms and >=0.20 coverage; REVIEW_SIGNAL means it passed the relaxed shortlist threshold and still requires independent source/gold verification. No row is accepted as gold automatically.
CH-0027,Nghệ thuật hội họa Ấn tượng và các họa sĩ danh tiếng mới nhất năm nay (Mã CH-0027)?,general,HIGH_SIGNAL,46,2,"[""nghệ"", ""tiếng""]",0.222222,47.2222,nghệ thuật hội họa ấn tượng sĩ danh,canonical_fetch_existing,https://vi.wikipedia.org/wiki/Ngh%E1%BB%87,Nghệ – Wikipedia tiếng Việt,DDG_API_OK,,,[],[],,SOURCE_FETCHED_NOT_REVIEWED,human_review_after_ddg_short_alignment,Pre-review filter only. HIGH_SIGNAL means >=2 shared terms and >=0.20 coverage; REVIEW_SIGNAL means it passed the relaxed shortlist threshold and still requires independent source/gold verification. No row is accepted as gold automatically.
CH-0591,Cách bảo mật tài khoản ngân hàng trên điện thoại mới nhất năm nay (Mã CH-0591)?,general,HIGH_SIGNAL,47,2,"[""hàng"", ""điện""]",0.25,45.0,bảo mật tài khoản ngân hàng điện thoại,canonical_fetch_existing,https://baomoi.com/,"Báo Mới - Tin tức 24H, đọc báo mới nhanh nhất hôm nay",DDG_API_OK,,,"[{""chunk_id"": ""doc-8ad5e8c9306435ce-chunk-001"", ""document_id"": ""doc-8ad5e8c9306435ce"", ""source_url"": ""https://vi.wikipedia.org/wiki/T%C3%A0i_kho%E1%BA%A3n_ng%C3%A2n_h%C3%A0ng"", ""source_title"": ""Tài khoản ngân hàng"", ""text"": ""Tài khoản ngân hàng là tài khoản tài chính được duy trì bởi một ngân hàng hoặc tổ chức tài chính khác, trong đó giao dịch tài chính giữa ngân hàng và khách hàng được ghi lại. Mỗi tổ chức tài chính đặt ra các điều khoản và điều kiện cho từng loại tài khoản mà tổ chức đó cung cấp, được phân loại theo các loại thường được hiểu, chẳng hạn như tài khoản tiền gửi, tài khoản thẻ tín dụng, tài khoản vãng lai, tài khoản khoản vay hoặc nhiều loại tài khoản khác. Một khách hàng có thể có nhiều tài khoản. Sau khi tài khoản được mở, các khoản tiền do khách hàng ủy thác cho tổ chức tài chính để ký quỹ được ghi nhận vào tài khoản do khách hàng chỉ định. Tiền có thể được rút từ người cho vay.\nCác giao dịch tài chính xảy ra trên tài khoản ngân hàng trong một khoảng thời gian nhất định được báo cáo cho khách hàng trên bảng sao kê ngân hàng và số dư tài khoản của khách hàng tại bất kỳ thời điểm nào là tình hình tài chính của họ với tổ chức.\n\n\n== Bản chất của tài khoản ngân hàng ==\nTrong hầu hết các hệ thống pháp luật, tiền gửi vào ngân hàng không phải là tiền giữ hộ - nghĩa là, số tiền thực tế mà một người gửi vào ngân hàng không còn là tài sản của người gửi tiền và trở thành tài sản của ngân hàng. Người gửi tiền yêu cầu ngân hàng đòi số tiền đã gửi nhưng không phải là tiền mặt thực tế đã giao cho ngân hàng. Theo thuật ngữ kế toán, ngân hàng tạo (\""mở\"") một tài khoản đứng tên người gửi tiền hoặc tên do người gửi tiền chỉ dẫn, trong đó số tiền nhận được được ghi nhận là giao dịch. Tài khoản tiền gửi là trách nhiệm pháp lý của ngân hàng và là tài sản của người gửi tiền (chủ tài khoản).\nMặt khác, ngân hàng có thể cho một bên thứ ba vay một phần hoặc toàn bộ số tiền mà ngân hàng có được khi gửi. Các tài khoản như vậy, thường được gọi là tài khoản cho vay hoặc tài khoản tín dụng, tuân theo các nguyên tắc tương tự nhưng ngược lại của tài khoản tiền gửi. Theo thuật ngữ kế toán, tài khoản cho vay là tài sản của ngân hàng và là trách nhiệm pháp lý của người đi vay. Tài khoản khoản vay có thể không được bảo đảm hoặc đảm bảo bởi người vay và chúng có thể được đảm bảo bởi người thứ ba, có hoặc không có bảo mật.\nMỗi tổ chức tài chính đặt ra các điều khoản và điều kiện cho từng loại tài khoản mà tổ chức đó cung cấp, và khi khách hàng đăng ký mở tài khoản và được tổ chức chấp nhận, họ sẽ hình thành hợp đồng giữa tổ chức tài chính và khách hàng liên quan đến tài khoản .\nLuật pháp của mỗi quốc gia quy định cách tài khoản ngân hàng có thể được mở và hoạt động. Họ có thể chỉ định ai có thể mở tài khoản, ví dụ, cách các bên ký kết có thể xác định chính họ, giới hạn gửi tiền, rút tiền trong số các thông số kỹ thuật khác.\nĐộ tuổi tối thiểu để mở tài khoản ngân hàng phổ biến nhất là 18 tuổi. Tuy nhiên, ở một số quốc gia, độ tuổi tối thiểu để mở tài khoản ngân hàng có thể là 16 tuổi và tài khoản có thể được mở dưới danh nghĩa của trẻ vị thành niên nhưng do cha mẹ hoặc người giám hộ của họ điều hành. Nói chung, việc mở tài khoản bằng tên giả là bất hợp pháp.\n\n\n== Cấu trúc tài khoản ==\nTheo quan điểm của khách hàng, tài khoản ngân hàng có thể có số dư dương, hoặc tín dụng, khi tổ chức tài chính nợ khách hàng; hoặc số dư âm, hoặc ghi nợ, khi khách hàng nợ tiền của tổ chức tài chính.\nNói chung, tài khoản giữ số dư tín dụng được gọi là tài khoản tiền gửi và tài khoản được mở để giữ số dư nợ được gọi là tài khoản cho vay. Một số tài khoản có thể chuyển đổi giữa số dư tín dụng và số dư nợ.\nMột số tài khoản được phân loại theo chức năng thay vì bản chất của số dư mà chúng nắm giữ, chẳng hạn như tài khoản tiết kiệm, thường là tài khoản tín dụng.\nCác tổ chức tài chính có sơ đồ đánh số tài khoản để xác định từng tài khoản, điều này rất quan trọng vì khách hàng có thể có nhiều tài khoản.\n\n\n== Các loại tài khoản ==\nMỗi tổ chức tài chính có tên riêng cho các tài khoản khác nhau mà họ cung cấp cho khách hàng, nhưng chúng có thể được phân loại là:\n\n\n== Xem thêm ==\n\n\n== Tham khảo =="", ""content_hash"": ""sha256:db9abee01bf107c012c376344307c11fc351c3cfcd5188a3b4bb7346777eb25a""}]",[],,SOURCE_FETCHED_NOT_REVIEWED,human_review_after_ddg_short_alignment,Pre-review filter only. HIGH_SIGNAL means >=2 shared terms and >=0.20 coverage; REVIEW_SIGNAL means it passed the relaxed shortlist threshold and still requires independent source/gold verification. No row is accepted as gold automatically.
CH-0091,Cách bảo mật tài khoản ngân hàng trên điện thoại mới nhất năm nay (Mã CH-0091)?,general,HIGH_SIGNAL,48,2,"[""hàng"", ""điện""]",0.25,45.0,bảo mật tài khoản ngân hàng điện thoại,canonical_fetch_existing,https://baomoi.com/,"Báo Mới - Tin tức 24H, đọc báo mới nhanh nhất hôm nay",DDG_REQUEST_ERROR,,,[],[],,SOURCE_FETCHED_NOT_REVIEWED,human_review_after_ddg_short_alignment,Pre-review filter only. HIGH_SIGNAL means >=2 shared terms and >=0.20 coverage; REVIEW_SIGNAL means it passed the relaxed shortlist threshold and still requires independent source/gold verification. No row is accepted as gold automatically.
CH-0545,Các trường đại học top đầu về ngành Công nghệ thông tin mới nhất năm nay (Mã CH-0545)?,general,HIGH_SIGNAL,49,2,"[""học"", ""trường""]",0.2,45.0,trường đại học top đầu ngành công nghệ,canonical_fetch_existing,https://vi.wikipedia.org/wiki/Tr%C6%B0%E1%BB%9Dng_h%E1%BB%8Dc,Trường học – Wikipedia tiếng Việt,DDG_REQUEST_ERROR,,,[],[],,SOURCE_FETCHED_NOT_REVIEWED,human_review_after_ddg_short_alignment,Pre-review filter only. HIGH_SIGNAL means >=2 shared terms and >=0.20 coverage; REVIEW_SIGNAL means it passed the relaxed shortlist threshold and still requires independent source/gold verification. No row is accepted as gold automatically.
CH-0548,Ứng dụng công nghệ cao trong sản xuất nông nghiệp thông minh mới nhất năm nay (Mã CH-0548)?,general,REVIEW_SIGNAL,50,2,"[""nghiệp"", ""nông""]",0.181818,43.1818,ứng dụng công nghệ cao sản xuất nông,canonical_fetch_existing,https://vi.wikipedia.org/wiki/N%C3%B4ng_nghi%E1%BB%87p,Nông nghiệp – Wikipedia tiếng Việt,DDG_REQUEST_ERROR,,,[],[],,SOURCE_FETCHED_NOT_REVIEWED,human_review_after_ddg_short_alignment,Pre-review filter only. HIGH_SIGNAL means >=2 shared terms and >=0.20 coverage; REVIEW_SIGNAL means it passed the relaxed shortlist threshold and still requires independent source/gold verification. No row is accepted as gold automatically.
CH-0005,Phương pháp học ngoại ngữ hiệu quả qua kỹ thuật Spaced Repetition mới nhất năm nay (Mã CH-0005)?,general,REVIEW_SIGNAL,51,2,"[""kỹ"", ""thuật""]",0.181818,43.1818,phương pháp học ngoại ngữ hiệu quả kỹ,canonical_fetch_existing,https://vi.wikipedia.org/wiki/K%E1%BB%B9_thu%E1%BA%ADt_l%E1%BA%B7p_l%E1%BA%A1i_ng%E1%BA%AFt_qu%C3%A3ng,Kỹ thuật lặp lại ngắt quãng – Wikipedia tiếng Việt,DDG_API_OK,,,"[{""chunk_id"": ""doc-97278666de657393-chunk-001"", ""document_id"": ""doc-97278666de657393"", ""source_url"": ""https://vi.wikipedia.org/wiki/K%E1%BB%B9_thu%E1%BA%ADt_l%E1%BA%B7p_l%E1%BA%A1i_ng%E1%BA%AFt_qu%C3%A3ng"", ""source_title"": ""Kỹ thuật lặp lại ngắt quãng"", ""text"": ""Lặp lại ngắt quãng (tiếng Anh: Spaced repetition) là kỹ thuật gia tăng thời gian giữa những lần ôn tập để khai thác hiệu ứng tâm lý ngắt quãng ( spacing effect.) Trong một số nghiên cứu khác kỹ thuật này còn có các tên khác như spaced rehearsal, expanding rehearsal, graduated intervals, repetition spacing, repetition scheduling, spaced retrieval và expanded retrieval. \nMặc dù kỹ thuật này hữu dụng trong nhiều trường hợp nhưng nó thường được áp dụng khi muốn ghi nhớ một lượng lớn kiến thức. Vậy nên Kỹ thuật lặp lại ngắt quãng thích hợp trong việc học ngôn ngữ thứ hai, đặc biệt là từ vựng.\n\n\n== Các nghiên cứu và ứng dụng ==\nHiệu ứng tâm lý ngắt quãng được định nghĩa bởi Hermann Ebbinghaus - nhà tâm lý học nổi tiếng người Đức, và được công bố một cách chi tiết qua cuốn sách Über das Gedächtnis. Untersuchungen zur experimentellen Psychologie (Memory: A Contribution to Experimental Psychology, tạm dịch là \""Trí nhớ: Một đóng góp cho Tâm lý học thực nghiệm\"") được xuất bản năm 1885. Theo đó, hiệu ứng này giúp cải thiện khả năng ghi nhớ cùng một khối lượng nội dung trong một khoảng thời gian trải dài.\nSự ứng dụng nguyên lý Lặp lại ngắt quãng vào việc học được đề cập đến lần đầu qua quyển \""Tâm lý trong việc học \""(Psychology of Study) của giáo sư Cecil Alec Mace năm 1932. Vào năm 1939 H. F. Spitzer đã tiến hành thử nghiệm phương pháp này với 3600 em học sinh lớp 6 đang học môn Khoa học tại bang Iowa. Qua đó đã chứng tỏ rằng kỹ thuật này thật sự có hiệu quả. Thử nghiệm này lúc đầu không gây được chú ý cho đến những năm 1960, khi các nhà Tâm lý học nhận thức bao gồm cả Melton, Landauer & Bjork nghiên cứu về sự ảnh hưởng của việc lặp lại nhiều lần trong cải thiện trí nhớ. Trong khoảng thời gian đó các khóa học ngôn ngữ Pimsleur đã đi tiên phong trong việc ứng dụng kỹ thuật lặp lại ngắt quãng vào thực tế. Vào năm 1973, Sebastian Leitner đã phát minh ra \""hệ thống Leitner\"" - hệ thống giúp ôn tập nhiều lần để đạt được các thành tích thông qua việc sử dụng flashcards.\nSự phát triển của máy tính cá nhân từ những năm 1980s đã ảnh hưởng lớn tới phương pháp học bằng kỹ thuật lặp lại ngắt quãng nhờ các phần mềm học tập. Các phần mềm này tạo ra một hệ thống tự động lên lịch để người dùng ôn lại kiến thức trong những khoảng cách thời gian lớn dần. Không những thế, những ứng dụng này còn cho phép người dùng đạt được các thành tích để tưởng thưởng cho những thành quả của mình.\n\n\n== Các thuật toán ==\nCó nhiều thuật toán được sử dụng để lên lịch học lặp lại ngắt quãng. Trong đó phổ biến gồm: \n\nDựa trên Mạng lưới Neural   \nHệ thống Leitner: 5 giai đoạn chính và những khoảng tùy ý  \nCác thuật toán dựa trên SuperMemo \nCó nhiều giả thuyết về sự ảnh hưởng của thời gian đối với kỹ thuật này. Trong tương lai vẫn cần tiến hành thêm các thí nghiệm để làm rõ những giả thuyết đó.  \n\n\n== Khoảng thời gian nhớ lại Pimsleur ==\nĐược công bố bởi Paul Pimsleur vào năm 1967. Khoảng thời gian lặp lại Pimsleur được sử dụng trong các chương trình học ngoại ngữ Pimsleur. Đặc điểm của khoảng lặp này là có thể áp dụng vào được những khoảng thời gian nhỏ (tính bằng giây và phút), thích hợp trong việc học qua các audio.\nCụ thể, trong nghiên cứu của Pimsleur, khoảng cách thời gian giữa các lần lặp lại là: \n5 giây, 25 giây, 2 phút, 10 phút, 1 giờ, 5 giờ, 1 ngày, 5 ngày, 25 ngày, 4 tháng, 2 năm. \n\n\n== Phần mềm ==\nPhần lớn các phần mềm áp dụng kỹ thuật lặp lại ngắt quãng (SRS- Spaced Repetition Software) đều áp dụng hình thức ôn tập với flashcards. (Flashcard có thể hiểu nôm na là một thẻ thông tin để lưu trữ các kiến thức cần học hay câu trả lời chính xác). Khi cần ôn lại người dùng cần phải nhập kết quả (thông tin cần ghi nhớ) tương ứng với câu hỏi (thông tin gợi ý). Dựa vào kết quả, phần mềm sẽ tính toán thời gian cho lần ôn lại tiếp theo của thông tin đó. \nCác tính năng nâng cao mà các phần mềm cung cấp gồm:\n \n\n Hệ thống nhận diện giọng nói để luyện phát âm. \nTự động tìm từ vựng để học. \nĐưa thêm các ví dụ của câu hoặc từ đồng nghĩa giúp ghi nhớ thông tin. \nCó cộng đồng hỗ trợ học tập.  \n\n\n== Tham khảo =="", ""content_hash"": ""sha256:d64947220d1bbb2600620dc795c381d36a97c2fa521f394e4cb76576fd90bf1a""}]",[],,SOURCE_FETCHED_NOT_REVIEWED,human_review_after_ddg_short_alignment,Pre-review filter only. HIGH_SIGNAL means >=2 shared terms and >=0.20 coverage; REVIEW_SIGNAL means it passed the relaxed shortlist threshold and still requires independent source/gold verification. No row is accepted as gold automatically.
CH-0521,Quy định mới về an toàn thông tin mạng tại Việt Nam mới nhất năm nay (Mã CH-0521)?,general,HIGH_SIGNAL,52,2,"[""quy"", ""việt""]",0.222222,42.2222,quy định an toàn thông tin mạng việt,canonical_fetch_existing,http://tratu.soha.vn/dict/vn_vn/Quy,Nghĩa của từ Quy - Từ điển Việt - Việt,DDG_REQUEST_ERROR,,,[],[],,SOURCE_FETCHED_NOT_REVIEWED,human_review_after_ddg_short_alignment,Pre-review filter only. HIGH_SIGNAL means >=2 shared terms and >=0.20 coverage; REVIEW_SIGNAL means it passed the relaxed shortlist threshold and still requires independent source/gold verification. No row is accepted as gold automatically.
CH-0512,Diễn biến thị trường chứng khoán Việt Nam tuần qua mới nhất năm nay (Mã CH-0512)?,general,HIGH_SIGNAL,53,2,"[""diễn"", ""việt""]",0.222222,42.2222,diễn biến thị trường chứng khoán việt nam,canonical_fetch_existing,https://hvdic.thivien.net/hv/di%E1%BB%85n,Tra từ: diễn - Từ điển Hán Nôm,DDG_REQUEST_ERROR,,,[],[],,SOURCE_FETCHED_NOT_REVIEWED,human_review_after_ddg_short_alignment,Pre-review filter only. HIGH_SIGNAL means >=2 shared terms and >=0.20 coverage; REVIEW_SIGNAL means it passed the relaxed shortlist threshold and still requires independent source/gold verification. No row is accepted as gold automatically.
CH-0508,Tác động của hiện tượng El Nino đến thời tiết Việt Nam mới nhất năm nay (Mã CH-0508)?,general,HIGH_SIGNAL,54,2,"[""tác"", ""việt""]",0.222222,42.2222,tác động tượng el nino thời tiết việt,canonical_fetch_existing,https://hvdic.thivien.net/hv/t%C3%A1c,Tra từ: tác - Từ điển Hán Nôm,DDG_REQUEST_ERROR,,,[],[],,SOURCE_FETCHED_NOT_REVIEWED,human_review_after_ddg_short_alignment,Pre-review filter only. HIGH_SIGNAL means >=2 shared terms and >=0.20 coverage; REVIEW_SIGNAL means it passed the relaxed shortlist threshold and still requires independent source/gold verification. No row is accepted as gold automatically.
CH-0012,Diễn biến thị trường chứng khoán Việt Nam tuần qua mới nhất năm nay (Mã CH-0012)?,general,HIGH_SIGNAL,55,2,"[""diễn"", ""việt""]",0.222222,42.2222,diễn biến thị trường chứng khoán việt nam,canonical_fetch_existing,https://hvdic.thivien.net/hv/di%E1%BB%85n,Tra từ: diễn - Từ điển Hán Nôm,DDG_API_OK,,,[],[],,SOURCE_FETCHED_NOT_REVIEWED,human_review_after_ddg_short_alignment,Pre-review filter only. HIGH_SIGNAL means >=2 shared terms and >=0.20 coverage; REVIEW_SIGNAL means it passed the relaxed shortlist threshold and still requires independent source/gold verification. No row is accepted as gold automatically.
CH-0008,Tác động của hiện tượng El Nino đến thời tiết Việt Nam mới nhất năm nay (Mã CH-0008)?,general,HIGH_SIGNAL,56,2,"[""tác"", ""việt""]",0.222222,42.2222,tác động tượng el nino thời tiết việt,canonical_fetch_existing,https://hvdic.thivien.net/hv/t%C3%A1c,Tra từ: tác - Từ điển Hán Nôm,DDG_API_OK,,,[],[],,SOURCE_FETCHED_NOT_REVIEWED,human_review_after_ddg_short_alignment,Pre-review filter only. HIGH_SIGNAL means >=2 shared terms and >=0.20 coverage; REVIEW_SIGNAL means it passed the relaxed shortlist threshold and still requires independent source/gold verification. No row is accepted as gold automatically.
CH-0456,Tra cứu thông tin: Tóm tắt diễn biến Cách mạng Tháng Tám năm 1945 (Mã CH-0456)?,general,REVIEW_SIGNAL,57,2,"[""tháng"", ""tám""]",0.166667,41.6667,tra cứu thông tin tóm tắt diễn biến,canonical_fetch_existing,https://vi.wikipedia.org/wiki/L%C3%AA_V%C4%83n_T%C3%A1m,Lê Văn Tám – Wikipedia tiếng Việt,DDG_REQUEST_ERROR,,,[],[],,SOURCE_FETCHED_NOT_REVIEWED,human_review_after_ddg_short_alignment,Pre-review filter only. HIGH_SIGNAL means >=2 shared terms and >=0.20 coverage; REVIEW_SIGNAL means it passed the relaxed shortlist threshold and still requires independent source/gold verification. No row is accepted as gold automatically.
CH-0927,Tra cứu thông tin: Nghệ thuật hội họa Ấn tượng và các họa sĩ danh tiếng (Mã CH-0927)?,general,REVIEW_SIGNAL,58,2,"[""nghệ"", ""tiếng""]",0.153846,40.3846,tra cứu thông tin nghệ thuật hội họa,canonical_fetch_existing,https://vi.wikipedia.org/wiki/Ngh%E1%BB%87,Nghệ – Wikipedia tiếng Việt,DDG_REQUEST_ERROR,,,[],[],,SOURCE_FETCHED_NOT_REVIEWED,human_review_after_ddg_short_alignment,Pre-review filter only. HIGH_SIGNAL means >=2 shared terms and >=0.20 coverage; REVIEW_SIGNAL means it passed the relaxed shortlist threshold and still requires independent source/gold verification. No row is accepted as gold automatically.
CH-0427,Tra cứu thông tin: Nghệ thuật hội họa Ấn tượng và các họa sĩ danh tiếng (Mã CH-0427)?,general,REVIEW_SIGNAL,59,2,"[""nghệ"", ""tiếng""]",0.153846,40.3846,tra cứu thông tin nghệ thuật hội họa,canonical_fetch_existing,https://vi.wikipedia.org/wiki/Ngh%E1%BB%87,Nghệ – Wikipedia tiếng Việt,DDG_REQUEST_ERROR,,,[],[],,SOURCE_FETCHED_NOT_REVIEWED,human_review_after_ddg_short_alignment,Pre-review filter only. HIGH_SIGNAL means >=2 shared terms and >=0.20 coverage; REVIEW_SIGNAL means it passed the relaxed shortlist threshold and still requires independent source/gold verification. No row is accepted as gold automatically.
CH-0412,Tra cứu thông tin: Diễn biến thị trường chứng khoán Việt Nam tuần qua (Mã CH-0412)?,general,REVIEW_SIGNAL,60,2,"[""nam"", ""việt""]",0.153846,40.3846,tra cứu thông tin diễn biến thị trường,canonical_fetch_existing,https://vi.wikipedia.org/wiki/Kinh_t%E1%BA%BF_Vi%E1%BB%87t_Nam,Kinh tế Việt Nam – Wikipedia tiếng Việt,DDG_REQUEST_ERROR,,,[],[],,SOURCE_FETCHED_NOT_REVIEWED,human_review_after_ddg_short_alignment,Pre-review filter only. HIGH_SIGNAL means >=2 shared terms and >=0.20 coverage; REVIEW_SIGNAL means it passed the relaxed shortlist threshold and still requires independent source/gold verification. No row is accepted as gold automatically.
CH-0594,Quy trình khám chữa bệnh bằng BHYT tại bệnh viện tuyến tỉnh mới nhất năm nay (Mã CH-0594)?,general,HIGH_SIGNAL,61,2,"[""quy"", ""tuyến""]",0.2,40.0,quy trình khám chữa bệnh bằng bhyt viện,canonical_fetch_existing,http://tratu.soha.vn/dict/vn_vn/Quy,Nghĩa của từ Quy - Từ điển Việt - Việt,DDG_API_OK,,,"[{""chunk_id"": ""doc-1ff4dfe8c34d5ec9-chunk-001"", ""document_id"": ""doc-1ff4dfe8c34d5ec9"", ""source_url"": ""https://vi.wikipedia.org/wiki/B%E1%BB%87nh_vi%E1%BB%87n_Th%E1%BB%91ng_Nh%E1%BA%A5t"", ""source_title"": ""Bệnh viện Thống Nhất"", ""text"": ""Bệnh viện Thống Nhất (tên tiếng anh: Thong Nhat Hospital) là một bệnh viện đa khoa hạng I trực thuộc Bộ Y Tế nằm ở số 1 đường Lý Thường Kiệt, phường Tân Sơn Nhất, Thành phố Hồ Chí Minh, với tên gọi ban đầu là Bệnh viện Vì Dân.\n\n\n== Lãnh đạo ==\n\n\n=== Ban giám đốc bệnh viện hiện tại ===\nGiám đốc: TTND. PGS. TS. BS. Lê Đình Thanh\nPhó Giám đốc:\nTTND. PGS. TS. BS. Đỗ Kim Quế\nPGS. TS. BS. Võ Thành Toàn\nThS. Nguyễn Quang Vinh\n\n\n=== Giám đốc bệnh viện qua các thời kỳ ===\nGS, TS, AHLĐ, TTND Nguyễn Thiện Thành: 05/1978 - 12/1988\nThầy thuốc ưu tú Phạm Đoàn Duyên: 01/1989 - 02/1997\nGS, TS, AHLĐ, TTND Nguyễn Mạnh Phan: 03/1997 - 03/2008\nPGS, TS, TTND Trần Chí Liêm: 04/2008 - 08/2008\nGS, TS, TTND Nguyễn Đức Công: 09/2008 - 08/2019\n\n\n== Lịch sử hình thành và phát triển ==\n\nBệnh viện Thống Nhất được thành lập sau ngày miền Nam giải phóng, trên cơ sở tiếp quản Bệnh viện Vì Dân của chế độ cũ Việt Nam Cộng hoà. Ngày 01/11/1975 là mốc thời gian đánh dấu Bệnh viện tiếp nhận và điều trị bệnh nhân đầu tiên, với tên gọi là Quân y viện Thống Nhất, trực thuộc sự quản lý của Bộ Quốc phòng Việt Nam. Kể từ đó, ngày 01/11/1975 trở thành ngày truyền thống của Bệnh viện. Đại tá, GS. Nguyễn Thiện Thành làm Giám đốc, Đại tá Nguyễn Việt Hồng làm Chính ủy, thực hiện nhiệm vụ: Khám chữa bệnh và quản lý sức khỏe cho cán bộ trung, cao cấp quân - dân chính, đảng và một số khách quốc tế cần thiết hoạt động ở miền Nam; Tham gia quản lý sức khỏe cán bộ cao cấp, cấp cứu, điều trị tại nhà cho các đồng chí Trung ương ủy viên, phục vụ mọi mặt về y tế cho các hội nghị do Trung ương Đảng hoặc Chính phủ tổ chức tại miền Nam.\n\nNgày 25/3/1978, Bệnh viện Thống Nhất được chuyển về trực thuộc Bộ Y tế, với quy mô 400 giường, cơ cấu tổ chức gồm 16 khoa lâm sàng, 07 khoa cận lâm sàng, 01 phòng khám bệnh đa khoa, 02 tổ bảo vệ sức khỏe và 06 phòng chức năng. Lúc này Bệnh viện được bổ sung thêm các nhiệm vụ: Khám và điều trị cho gia đình cán bộ theo sự phân công và quy định của Ban Tổ chức Trung ương Đảng;  Bồi dưỡng, bổ túc chuyên môn kỹ thuật cho cán bộ, nhân viên và tham gia công tác nghiên cứu khoa học; Chỉ đạo tuyến trong việc quản lý sức khỏe cán bộ thuộc diện Bệnh viện quản lý.\nNgày 22/3/2015, Bệnh viện Thống Nhất đã tổ chức Lễ tổng kết giai đoạn 1 Dự án xây dựng, cải tạo, mở rộng, nâng cấp Bệnh viện và khánh thành Khu điều trị kỹ thuật cao. Dự án gồm 2 toà nhà chính với quy mô 7 tầng, gồm 500 giường bệnh và khu vự phòng khám. Việc hoàn thành Dự án đã làm cho Bệnh viện khang trang hơn, mặt bằng được mở rộng đáp ứng nhu cầu khám chữa bệnh ngày càng cao của bệnh nhân là cán bộ và nhân dân trên địa bàn. Nâng số giường điều trị nội trú lên 1.200 giường, bảo đảm cho bệnh nhân điều trị nội trú có đủ giường không để nằm ghép hoặc chuyển tuyến vì thiếu giường\n\nVới cơ sở hạ tầng, trang thiết bị hiện đại cùng với sự tận tình chu đáo của đội ngũ y bác sỹ có trình độ chuyên môn cao chất lượng khám chữa bệnh và uy tín của Bệnh viện được nâng lên đáng kể, tạo được niềm tin và sự hài lòng cho bệnh nhân.\nBệnh viện thực hiện công tác bảo vệ chăm sóc sức khỏe thường xuyên cho khoảng 100 cán bộ thuộc diện Trung ương quản lý. Hàng năm thực hiện bảo đảm y tế cho khoảng từ 5 đến 7 sự kiện chính trị - xã hội quan trong diễn ra trên địa bàn, phục vụ khám sức khỏe cho khoảng 20 đoàn khách ngoại giao quốc tế của Đảng, Nhà nước tạo được niềm tin và uy tín đối với các nước bạn.\nBên cạnh thực hiện nhiệm vụ chuyên môn, Bệnh viện cũng đã tham gia thực hiện tốt công tác đào tạo nguồn nhân lực cho ngành y tế, là cơ sở thực hành của sinh viên 16 trường đại học, trung cấp chuyên ngành y dược trên địa bàn.\nBệnh viện thường xuyên cử đội ngũ có trình độ chuyên môn cao xuống giúp đỡ các đơn vị tuyến dưới trong công tác khám, chữa bệnh và quản lý sức khỏe cán bộ cho hầu hết các tỉnh từ Bình Định trở vào đến các tỉnh Tây Nguyên, miền Đông và miền Tây Nam Bộ. Đã kịp thời phát hiện sớm và xử lý thành công nhiều trường hợp cán bộ mắc bệnh hiểm nghèo.\nPhát huy truyền thống và kinh nghiệm của GS. Nguyễn Thiện Thành – Giám đốc đầu tiên của Bệnh viện và là Chủ tịch hội đồng chuyên môn Bảo vệ sức khoẻ cán bộ Trung ương từ năm 1975, Bệnh viện Thống Nhất là đơn vị giúp việc đồng thời có nhiều thành viên tham gia trong Hội đồng chuyên môn Bảo vệ sức khỏe cán bộ miền Nam đã góp phần quan trọng cùng với các thành viên của đơn vị bạn thực hiện rất tốt công tác chẩn đoán và điều trị cho cán bộ thuộc diện Trung ương quản lý.\n\n\n== Quy mô ==\nBệnh viện Thống Nhất có quy mô ban đầu là 400 giường, sau đó đã mở và phát triển hơn 1.132 giường, tiến tới mục tiêu 1350 giường vào năm 2025, trở thành một bệnh viện đa khoa, lão khoa hạng đặc biệt có các trung tâm chuyên sâu về tim mạch, lão khoa, bảo vệ sức khoẻ trung cao cấp của Đảng, Nhà nước và thực hiện tốt việc khám, chữa bệnh, phòng bệnh, phục hồi chức năng cho nhân dân thành phố Hồ Chí Minh vav các tỉnh, thành phố khu vực phía Nam.\n\n\n== Các khoa phòng ==\n\n\n=== Khối cơ quan ===\nPhòng Bảo vệ sức khỏe Trung ương 2B\nPhòng Tổ chức Cán bộ\nPhòng Kế hoạch tổng hợp\nPhòng Tài chính Kế toán\nPhòng Vật tư - Trang thiết bị y tế\nPhòng Quản trị\nPhòng Quản lý chất lượng và Công tác xã hội\nPhòng Điều dưỡng\nPhòng Hành chính\nPhòng Công nghệ thông tin\nPhòng Đào tạo - Chỉ đạo tuyến\nTạp chí Sức khỏe và Lão hóa\nViện Nghiên cứu Ứng dụng Khoa học Sức khỏe và Lão hóa (ARiHA)\n\n\n=== Khối lâm sàng ===\nKhoa Cấp cứu\nKhoa Điều trị Cán bộ cao cấp\nKhoa Hồi sức tích cực - Chống độc\nKhoa Khám bệnh cán bộ - BHYT\nKhoa Khám bệnh theo yêu cầu\nKhoa Nội cơ xương khớp\nKhoa Nội điều trị theo yêu cầu\nKhoa Nội hô hấp\nKhoa Nội Nhiễm\nKhoa Khoa Nội thận - lọc máu\nKhoa Nội Thần kinh\nKhoa Nội tiết\nKhoa Nội Tiêu hóa\nKhoa Nội tim mạch\nKhoa Tim mạch cấp cứu can thiệp\nKhoa Ung bướu\nKhoa Vật lý trị liệu - Phục hồi chức năng\nKhoa Y học cổ truyền\nKhoa Dinh dưỡng lâm sàng\nKhoa Nhịp tim\nKhoa Phẫu thuật hàm mặt - Tạo hình thẩm mỹ\nKhoa Ngoại Chấn Thương Chỉnh Hình\nKhoa Ngoại Điều trị theo yêu cầu\nKhoa Ngoại Gan Mật Tụy\nKhoa Ngoại Thần kinh\nKhoa Ngoại thận Tiết niệu\nKhoa Ngoại Tiêu Hóa\nKhoa Ngoại Tim mạch - Lồng ngực - Mạch máu\nKhoa Phẫu thuật - Gây mê hồi sức\nKhoa Tai mũi họng\nKhoa Mắt\nKhoa Da liễu – Miễn dịch – Dị ứng\nTrung tâm tiêm chủng\n\n\n=== Khối cận lâm sàng ===\nKhoa Chẩn đoán hình ảnh\nKhoa Dược\nKhoa Giải phẫu bệnh\nKhoa Hóa sinh\nKhoa Huyết học\nKhoa Kiểm soát nhiễm khuẩn\nKhoa Thăm dò chức năng và Nội soi\nKhoa Vi sinh\n\n\n== Thành tích ==\nDanh hiệu Anh hùng Lao động thời kỳ đổi mới (2005).\nHuân chương Quân công hạng Nhì (1980).\nHuân chương Lao động hạng Nhất (1998).\nHuân chương Độc lập hạng Nhì (2013), hạng Ba (2003).\nHuân chương Hữu nghị hạng Mô-ha-sê-na của Quốc vương Vương quốc Campuchia (2020).\nHuân chương Tự do hạng Ba của Chủ tịch nước Cộng hòa dân chủ nhân dân Lào (2015).\nCờ thi đua của Chính phủ; Bằng khen của Thủ tướng Chính phủ.\nBằng khen của Bộ Y tế.\nBằng khen của UBND TP Hồ Chí Minh.\nCó 02 cán bộ viên chức Bệnh viện được phong tặng danh hiệu Anh hùng Lao động, 06 Thầy thuốc Nhân dân, 44 Thầy thuốc Ưu tú, và nhiều cá nhân được tặng thưởng Huân chương Lao động Nhất, Nhì, Ba.\n\n\n== Chú thích ==\n\n\n== Liên kết ngoài ==\nWebsite chính thức của bệnh viện\nFanpage Facebook chính thức của viện\nTrung tâm đào tạo - chỉ đạo tuyến - nghiên cứu khoa học - hợp tác quốc tế Thống Nhất\n\n\n== Tham khảo ==\n{{Wikispecies-inline"", ""content_hash"": ""sha256:4cf7f252cef3767091eac6ff8532c7331d114244a7a6333a538d285e8a770aee""}]",[],,SOURCE_FETCHED_NOT_REVIEWED,human_review_after_ddg_short_alignment,Pre-review filter only. HIGH_SIGNAL means >=2 shared terms and >=0.20 coverage; REVIEW_SIGNAL means it passed the relaxed shortlist threshold and still requires independent source/gold verification. No row is accepted as gold automatically.
CH-0582,Tỷ giá USD/VND tác động thế nào đến doanh nghiệp xuất khẩu mới nhất năm nay (Mã CH-0582)?,general,HIGH_SIGNAL,62,2,"[""giá"", ""tỷ""]",0.2,40.0,tỷ giá usd vnd tác động doanh nghiệp,canonical_fetch_existing,https://www.vietcombank.com.vn/vi-VN/KHCN/Cong-cu-Tien-ich/Ty-gia,Tỷ gi&#225;,DDG_API_OK,,,[],[],,SOURCE_FETCHED_NOT_REVIEWED,human_review_after_ddg_short_alignment,Pre-review filter only. HIGH_SIGNAL means >=2 shared terms and >=0.20 coverage; REVIEW_SIGNAL means it passed the relaxed shortlist threshold and still requires independent source/gold verification. No row is accepted as gold automatically.
CH-0573,Luật Bảo vệ người tiêu dùng quy định quyền hạn gì mới nhất năm nay (Mã CH-0573)?,general,HIGH_SIGNAL,63,2,"[""luật"", ""định""]",0.2,40.0,luật bảo vệ người tiêu dùng quy định,canonical_fetch_existing,https://thuvienphapluat.vn/,"THƯ VIỆN PHÁP LUẬT _ Tra cứu, Nắm bắt Pháp Luật Việt Nam",DDG_API_OK,,,[],[],,SOURCE_FETCHED_NOT_REVIEWED,human_review_after_ddg_short_alignment,Pre-review filter only. HIGH_SIGNAL means >=2 shared terms and >=0.20 coverage; REVIEW_SIGNAL means it passed the relaxed shortlist threshold and still requires independent source/gold verification. No row is accepted as gold automatically.
CH-0554,Tập luyện yoga hỗ trợ giảm đau lưng và cột sống mới nhất năm nay (Mã CH-0554)?,general,HIGH_SIGNAL,64,2,"[""luyện"", ""tập""]",0.2,40.0,tập luyện yoga hỗ trợ giảm đau lưng,canonical_fetch_existing,https://www.typingstudy.com/vi,Luyện gõ 10 ngón trực tuyến,DDG_REQUEST_ERROR,,,[],[],,SOURCE_FETCHED_NOT_REVIEWED,human_review_after_ddg_short_alignment,Pre-review filter only. HIGH_SIGNAL means >=2 shared terms and >=0.20 coverage; REVIEW_SIGNAL means it passed the relaxed shortlist threshold and still requires independent source/gold verification. No row is accepted as gold automatically.
CH-0516,Các triều đại phong kiến kéo dài nhất trong lịch sử Việt Nam mới nhất năm nay (Mã CH-0516)?,general,HIGH_SIGNAL,65,2,"[""triều"", ""việt""]",0.2,40.0,triều đại phong kiến kéo dài lịch sử,canonical_fetch_existing,https://hvdic.thivien.net/hv/tri%E1%BB%81u,Tra từ: triều - Từ điển Hán Nôm,DDG_REQUEST_ERROR,,,[],[],,SOURCE_FETCHED_NOT_REVIEWED,human_review_after_ddg_short_alignment,Pre-review filter only. HIGH_SIGNAL means >=2 shared terms and >=0.20 coverage; REVIEW_SIGNAL means it passed the relaxed shortlist threshold and still requires independent source/gold verification. No row is accepted as gold automatically.
CH-0094,Quy trình khám chữa bệnh bằng BHYT tại bệnh viện tuyến tỉnh mới nhất năm nay (Mã CH-0094)?,general,HIGH_SIGNAL,66,2,"[""quy"", ""tuyến""]",0.2,40.0,quy trình khám chữa bệnh bằng bhyt viện,canonical_fetch_existing,http://tratu.soha.vn/dict/vn_vn/Quy,Nghĩa của từ Quy - Từ điển Việt - Việt,DDG_REQUEST_ERROR,,,[],[],,SOURCE_FETCHED_NOT_REVIEWED,human_review_after_ddg_short_alignment,Pre-review filter only. HIGH_SIGNAL means >=2 shared terms and >=0.20 coverage; REVIEW_SIGNAL means it passed the relaxed shortlist threshold and still requires independent source/gold verification. No row is accepted as gold automatically.
CH-0082,Tỷ giá USD/VND tác động thế nào đến doanh nghiệp xuất khẩu mới nhất năm nay (Mã CH-0082)?,general,HIGH_SIGNAL,67,2,"[""giá"", ""tỷ""]",0.2,40.0,tỷ giá usd vnd tác động doanh nghiệp,canonical_fetch_existing,https://www.vietcombank.com.vn/vi-VN/KHCN/Cong-cu-Tien-ich/Ty-gia,Tỷ gi&#225;,DDG_REQUEST_ERROR,,,[],[],,SOURCE_FETCHED_NOT_REVIEWED,human_review_after_ddg_short_alignment,Pre-review filter only. HIGH_SIGNAL means >=2 shared terms and >=0.20 coverage; REVIEW_SIGNAL means it passed the relaxed shortlist threshold and still requires independent source/gold verification. No row is accepted as gold automatically.
CH-0073,Luật Bảo vệ người tiêu dùng quy định quyền hạn gì mới nhất năm nay (Mã CH-0073)?,general,HIGH_SIGNAL,68,2,"[""luật"", ""định""]",0.2,40.0,luật bảo vệ người tiêu dùng quy định,canonical_fetch_existing,https://thuvienphapluat.vn/,"THƯ VIỆN PHÁP LUẬT _ Tra cứu, Nắm bắt Pháp Luật Việt Nam",DDG_REQUEST_ERROR,,,[],[],,SOURCE_FETCHED_NOT_REVIEWED,human_review_after_ddg_short_alignment,Pre-review filter only. HIGH_SIGNAL means >=2 shared terms and >=0.20 coverage; REVIEW_SIGNAL means it passed the relaxed shortlist threshold and still requires independent source/gold verification. No row is accepted as gold automatically.
CH-0054,Tập luyện yoga hỗ trợ giảm đau lưng và cột sống mới nhất năm nay (Mã CH-0054)?,general,HIGH_SIGNAL,69,2,"[""luyện"", ""tập""]",0.2,40.0,tập luyện yoga hỗ trợ giảm đau lưng,canonical_fetch_existing,https://www.typingstudy.com/vi,Luyện gõ 10 ngón trực tuyến,DDG_API_OK,,,[],[],,SOURCE_FETCHED_NOT_REVIEWED,human_review_after_ddg_short_alignment,Pre-review filter only. HIGH_SIGNAL means >=2 shared terms and >=0.20 coverage; REVIEW_SIGNAL means it passed the relaxed shortlist threshold and still requires independent source/gold verification. No row is accepted as gold automatically.
CH-0016,Các triều đại phong kiến kéo dài nhất trong lịch sử Việt Nam mới nhất năm nay (Mã CH-0016)?,general,HIGH_SIGNAL,70,2,"[""triều"", ""việt""]",0.2,40.0,triều đại phong kiến kéo dài lịch sử,canonical_fetch_existing,https://hvdic.thivien.net/hv/tri%E1%BB%81u,Tra từ: triều - Từ điển Hán Nôm,DDG_API_OK,,,[],[],,SOURCE_FETCHED_NOT_REVIEWED,human_review_after_ddg_short_alignment,Pre-review filter only. HIGH_SIGNAL means >=2 shared terms and >=0.20 coverage; REVIEW_SIGNAL means it passed the relaxed shortlist threshold and still requires independent source/gold verification. No row is accepted as gold automatically.
CH-0853,Phân tích và thực trạng về quyền sở hữu trí tuệ đối với phần mềm máy tính (Mã CH-0853)?,general,REVIEW_SIGNAL,71,2,"[""trí"", ""tuệ""]",0.142857,39.2857,phân tích thực trạng quyền sở hữu trí,canonical_fetch_existing,https://vi.wikipedia.org/wiki/Tr%C3%AD_tu%E1%BB%87_nh%C3%A2n_t%E1%BA%A1o,Trí tuệ nhân tạo – Wikipedia tiếng Việt,DDG_REQUEST_ERROR,,,[],[],,SOURCE_FETCHED_NOT_REVIEWED,human_review_after_ddg_short_alignment,Pre-review filter only. HIGH_SIGNAL means >=2 shared terms and >=0.20 coverage; REVIEW_SIGNAL means it passed the relaxed shortlist threshold and still requires independent source/gold verification. No row is accepted as gold automatically.
CH-0153,Thông tin chi tiết về quyền sở hữu trí tuệ đối với phần mềm máy tính (Mã CH-0153)?,general,REVIEW_SIGNAL,72,2,"[""mềm"", ""phần""]",0.142857,39.2857,thông tin chi tiết quyền sở hữu trí,canonical_fetch_existing,https://vi.wikipedia.org/wiki/Ph%E1%BA%A7n_m%E1%BB%81m,Phần mềm – Wikipedia tiếng Việt,DDG_REQUEST_ERROR,,,[],[],,SOURCE_FETCHED_NOT_REVIEWED,human_review_after_ddg_short_alignment,Pre-review filter only. HIGH_SIGNAL means >=2 shared terms and >=0.20 coverage; REVIEW_SIGNAL means it passed the relaxed shortlist threshold and still requires independent source/gold verification. No row is accepted as gold automatically.
CH-0925,Tra cứu thông tin: Hiện tượng nhật thực toàn phần xảy ra khi nào (Mã CH-0925)?,general,REVIEW_SIGNAL,73,2,"[""cứu"", ""tra""]",0.181818,38.1818,tra cứu thông tin tượng nhật thực toàn,canonical_fetch_existing,http://tratu.soha.vn/dict/vn_vn/Hi%E1%BB%87n,Nghĩa của từ Hiện - Từ điển Việt - Việt,DDG_REQUEST_ERROR,,,[],[],,SOURCE_FETCHED_NOT_REVIEWED,human_review_after_ddg_short_alignment,Pre-review filter only. HIGH_SIGNAL means >=2 shared terms and >=0.20 coverage; REVIEW_SIGNAL means it passed the relaxed shortlist threshold and still requires independent source/gold verification. No row is accepted as gold automatically.
CH-0532,Các hình thức đầu tư bất động sản an toàn cho cá nhân mới nhất năm nay (Mã CH-0532)?,general,REVIEW_SIGNAL,74,2,"[""hình"", ""toàn""]",0.181818,38.1818,hình thức đầu tư bất động sản an,canonical_fetch_existing,https://www.google.com.vn/imghp,Google Hình &#7843;nh,DDG_REQUEST_ERROR,,,[],[],,SOURCE_FETCHED_NOT_REVIEWED,human_review_after_ddg_short_alignment,Pre-review filter only. HIGH_SIGNAL means >=2 shared terms and >=0.20 coverage; REVIEW_SIGNAL means it passed the relaxed shortlist threshold and still requires independent source/gold verification. No row is accepted as gold automatically.
CH-0425,Tra cứu thông tin: Hiện tượng nhật thực toàn phần xảy ra khi nào (Mã CH-0425)?,general,REVIEW_SIGNAL,75,2,"[""cứu"", ""tra""]",0.181818,38.1818,tra cứu thông tin tượng nhật thực toàn,canonical_fetch_existing,http://tratu.soha.vn/dict/vn_vn/Hi%E1%BB%87n,Nghĩa của từ Hiện - Từ điển Việt - Việt,DDG_REQUEST_ERROR,,,[],[],,SOURCE_FETCHED_NOT_REVIEWED,human_review_after_ddg_short_alignment,Pre-review filter only. HIGH_SIGNAL means >=2 shared terms and >=0.20 coverage; REVIEW_SIGNAL means it passed the relaxed shortlist threshold and still requires independent source/gold verification. No row is accepted as gold automatically.
CH-0032,Các hình thức đầu tư bất động sản an toàn cho cá nhân mới nhất năm nay (Mã CH-0032)?,general,REVIEW_SIGNAL,76,2,"[""hình"", ""toàn""]",0.181818,38.1818,hình thức đầu tư bất động sản an,canonical_fetch_existing,https://www.google.com.vn/imghp,Google Hình &#7843;nh,DDG_API_OK,,,[],[],,SOURCE_FETCHED_NOT_REVIEWED,human_review_after_ddg_short_alignment,Pre-review filter only. HIGH_SIGNAL means >=2 shared terms and >=0.20 coverage; REVIEW_SIGNAL means it passed the relaxed shortlist threshold and still requires independent source/gold verification. No row is accepted as gold automatically.
CH-0783,Hướng dẫn và quy định liên quan đến thủ tục đăng ký sang tên xe máy chính chủ (Mã CH-0783)?,general,REVIEW_SIGNAL,77,2,"[""máy"", ""xe""]",0.125,37.5,hướng dẫn quy định liên quan thủ tục,canonical_fetch_existing,https://vi.wikipedia.org/wiki/Xe_m%C3%A1y,Xe máy – Wikipedia tiếng Việt,DDG_REQUEST_ERROR,,,[],[],,SOURCE_FETCHED_NOT_REVIEWED,human_review_after_ddg_short_alignment,Pre-review filter only. HIGH_SIGNAL means >=2 shared terms and >=0.20 coverage; REVIEW_SIGNAL means it passed the relaxed shortlist threshold and still requires independent source/gold verification. No row is accepted as gold automatically.
CH-0975,Tra cứu thông tin: Sự khác biệt giữa tế bào gốc và tế bào thường (Mã CH-0975)?,general,REVIEW_SIGNAL,78,2,"[""sự"", ""tin""]",0.166667,36.6667,tra cứu thông tin sự khác biệt giữa,canonical_fetch_existing,https://fconline.garena.vn/tin-tuc/su-kien/,WELCOME TO FC ONLINE &#8211; Sự kiện,DDG_REQUEST_ERROR,,,[],[],,SOURCE_FETCHED_NOT_REVIEWED,human_review_after_ddg_short_alignment,Pre-review filter only. HIGH_SIGNAL means >=2 shared terms and >=0.20 coverage; REVIEW_SIGNAL means it passed the relaxed shortlist threshold and still requires independent source/gold verification. No row is accepted as gold automatically.
CH-0917,Tra cứu thông tin: Sự phát triển của dòng nhạc Pop hiện đại trên thế giới (Mã CH-0917)?,general,REVIEW_SIGNAL,79,2,"[""sự"", ""tin""]",0.166667,36.6667,tra cứu thông tin sự phát triển dòng,canonical_fetch_existing,https://fconline.garena.vn/tin-tuc/su-kien/,WELCOME TO FC ONLINE &#8211; Sự kiện,DDG_REQUEST_ERROR,,,[],[],,SOURCE_FETCHED_NOT_REVIEWED,human_review_after_ddg_short_alignment,Pre-review filter only. HIGH_SIGNAL means >=2 shared terms and >=0.20 coverage; REVIEW_SIGNAL means it passed the relaxed shortlist threshold and still requires independent source/gold verification. No row is accepted as gold automatically.
CH-0570,Tập luyện Yoga hỗ trợ cải thiện vóc dáng và sự dẻo dai mới nhất năm nay (Mã CH-0570)?,general,REVIEW_SIGNAL,80,2,"[""luyện"", ""tập""]",0.166667,36.6667,tập luyện yoga hỗ trợ cải thiện vóc,canonical_fetch_existing,https://www.typingstudy.com/vi,Luyện gõ 10 ngón trực tuyến,DDG_API_OK,,,[],[],,SOURCE_FETCHED_NOT_REVIEWED,human_review_after_ddg_short_alignment,Pre-review filter only. HIGH_SIGNAL means >=2 shared terms and >=0.20 coverage; REVIEW_SIGNAL means it passed the relaxed shortlist threshold and still requires independent source/gold verification. No row is accepted as gold automatically.
CH-0475,Tra cứu thông tin: Sự khác biệt giữa tế bào gốc và tế bào thường (Mã CH-0475)?,general,REVIEW_SIGNAL,81,2,"[""sự"", ""tin""]",0.166667,36.6667,tra cứu thông tin sự khác biệt giữa,canonical_fetch_existing,https://fconline.garena.vn/tin-tuc/su-kien/,WELCOME TO FC ONLINE &#8211; Sự kiện,DDG_REQUEST_ERROR,,,[],[],,SOURCE_FETCHED_NOT_REVIEWED,human_review_after_ddg_short_alignment,Pre-review filter only. HIGH_SIGNAL means >=2 shared terms and >=0.20 coverage; REVIEW_SIGNAL means it passed the relaxed shortlist threshold and still requires independent source/gold verification. No row is accepted as gold automatically.
CH-0417,Tra cứu thông tin: Sự phát triển của dòng nhạc Pop hiện đại trên thế giới (Mã CH-0417)?,general,REVIEW_SIGNAL,82,2,"[""sự"", ""tin""]",0.166667,36.6667,tra cứu thông tin sự phát triển dòng,canonical_fetch_existing,https://fconline.garena.vn/tin-tuc/su-kien/,WELCOME TO FC ONLINE &#8211; Sự kiện,DDG_REQUEST_ERROR,,,[],[],,SOURCE_FETCHED_NOT_REVIEWED,human_review_after_ddg_short_alignment,Pre-review filter only. HIGH_SIGNAL means >=2 shared terms and >=0.20 coverage; REVIEW_SIGNAL means it passed the relaxed shortlist threshold and still requires independent source/gold verification. No row is accepted as gold automatically.
CH-0070,Tập luyện Yoga hỗ trợ cải thiện vóc dáng và sự dẻo dai mới nhất năm nay (Mã CH-0070)?,general,REVIEW_SIGNAL,83,2,"[""luyện"", ""tập""]",0.166667,36.6667,tập luyện yoga hỗ trợ cải thiện vóc,canonical_fetch_existing,https://www.typingstudy.com/vi,Luyện gõ 10 ngón trực tuyến,DDG_REQUEST_ERROR,,,[],[],,SOURCE_FETCHED_NOT_REVIEWED,human_review_after_ddg_short_alignment,Pre-review filter only. HIGH_SIGNAL means >=2 shared terms and >=0.20 coverage; REVIEW_SIGNAL means it passed the relaxed shortlist threshold and still requires independent source/gold verification. No row is accepted as gold automatically.
CH-0986,Tra cứu thông tin: Sự hình thành và phát triển của Đạo Phật tại Việt Nam (Mã CH-0986)?,general,REVIEW_SIGNAL,84,2,"[""sự"", ""tin""]",0.153846,35.3846,tra cứu thông tin sự hình thành phát,canonical_fetch_existing,https://fconline.garena.vn/tin-tuc/su-kien/,WELCOME TO FC ONLINE &#8211; Sự kiện,DDG_REQUEST_ERROR,,,[],[],,SOURCE_FETCHED_NOT_REVIEWED,human_review_after_ddg_short_alignment,Pre-review filter only. HIGH_SIGNAL means >=2 shared terms and >=0.20 coverage; REVIEW_SIGNAL means it passed the relaxed shortlist threshold and still requires independent source/gold verification. No row is accepted as gold automatically.
CH-0486,Tra cứu thông tin: Sự hình thành và phát triển của Đạo Phật tại Việt Nam (Mã CH-0486)?,general,REVIEW_SIGNAL,85,2,"[""sự"", ""tin""]",0.153846,35.3846,tra cứu thông tin sự hình thành phát,canonical_fetch_existing,https://fconline.garena.vn/tin-tuc/su-kien/,WELCOME TO FC ONLINE &#8211; Sự kiện,DDG_REQUEST_ERROR,,,[],[],,SOURCE_FETCHED_NOT_REVIEWED,human_review_after_ddg_short_alignment,Pre-review filter only. HIGH_SIGNAL means >=2 shared terms and >=0.20 coverage; REVIEW_SIGNAL means it passed the relaxed shortlist threshold and still requires independent source/gold verification. No row is accepted as gold automatically.
CH-0001,Cách phân biệt Deepfake và video thật mới nhất năm nay (Mã CH-0001)?,general,REVIEW_SIGNAL,86,1,"[""phân""]",0.2,35.0,phân biệt deepfake video thật,canonical_fetch_existing,https://vi.wikipedia.org/wiki/Ph%C3%A2n,Phân – Wikipedia tiếng Việt,DDG_API_OK,,,"[{""chunk_id"": ""doc-3e3b23f63f0b2420-chunk-001"", ""document_id"": ""doc-3e3b23f63f0b2420"", ""source_url"": ""https://congan.hungyen.gov.vn/deepfake-gia-nhuat-lam-sao-de-tranh-bay-luao-c218065.html"", ""source_title"": ""Deepfake giả như thật, làm sao để tránh bẫy lừa đảo"", ""text"": ""Deepfake có thể làm giả âm thanh, hình ảnh và video. Dấu hiệu nhận biết gồm chất lượng hình ảnh thấp, rung mờ, thời lượng ngắn; cử chỉ mắt không tự nhiên; màu da và ánh sáng bất thường; chuyển động giật; khuôn mặt thiếu cân đối; khẩu hình không tự nhiên. Cần xác minh bằng cách gọi điện thoại trực tiếp qua SIM, không chỉ gọi qua Zalo hoặc Facebook trước khi chuyển tiền."", ""content_hash"": ""sha256:20d142f2c18c3c5164031b687f325493ef658bd1bc9dd9cb888529725810ac26""}]",[],,SOURCE_FETCHED_NOT_REVIEWED,human_review_after_ddg_short_alignment,Pre-review filter only. HIGH_SIGNAL means >=2 shared terms and >=0.20 coverage; REVIEW_SIGNAL means it passed the relaxed shortlist threshold and still requires independent source/gold verification. No row is accepted as gold automatically.
CH-0982,Tra cứu thông tin: Tỷ giá USD/VND tác động thế nào đến doanh nghiệp xuất khẩu (Mã CH-0982)?,general,REVIEW_SIGNAL,87,2,"[""giá"", ""tỷ""]",0.142857,34.2857,tra cứu thông tin tỷ giá usd vnd,canonical_fetch_existing,https://www.vietcombank.com.vn/vi-VN/KHCN/Cong-cu-Tien-ich/Ty-gia,Tỷ gi&#225;,DDG_REQUEST_ERROR,,,[],[],,SOURCE_FETCHED_NOT_REVIEWED,human_review_after_ddg_short_alignment,Pre-review filter only. HIGH_SIGNAL means >=2 shared terms and >=0.20 coverage; REVIEW_SIGNAL means it passed the relaxed shortlist threshold and still requires independent source/gold verification. No row is accepted as gold automatically.
CH-0966,Tra cứu thông tin: Sự ra đời của chữ Quốc ngữ trong lịch sử Việt Nam (Mã CH-0966)?,general,REVIEW_SIGNAL,88,2,"[""sự"", ""tin""]",0.142857,34.2857,tra cứu thông tin sự ra đời chữ,canonical_fetch_existing,https://fconline.garena.vn/tin-tuc/su-kien/,WELCOME TO FC ONLINE &#8211; Sự kiện,DDG_REQUEST_ERROR,,,[],[],,SOURCE_FETCHED_NOT_REVIEWED,human_review_after_ddg_short_alignment,Pre-review filter only. HIGH_SIGNAL means >=2 shared terms and >=0.20 coverage; REVIEW_SIGNAL means it passed the relaxed shortlist threshold and still requires independent source/gold verification. No row is accepted as gold automatically.
CH-0964,Tra cứu thông tin: Tác dụng phụ của việc sử dụng thuốc kháng sinh tùy tiện (Mã CH-0964)?,general,REVIEW_SIGNAL,89,2,"[""tra"", ""tác""]",0.142857,34.2857,tra cứu thông tin tác dụng phụ việc,canonical_fetch_existing,https://hvdic.thivien.net/hv/t%C3%A1c,Tra từ: tác - Từ điển Hán Nôm,DDG_REQUEST_ERROR,,,[],[],,SOURCE_FETCHED_NOT_REVIEWED,human_review_after_ddg_short_alignment,Pre-review filter only. HIGH_SIGNAL means >=2 shared terms and >=0.20 coverage; REVIEW_SIGNAL means it passed the relaxed shortlist threshold and still requires independent source/gold verification. No row is accepted as gold automatically.
CH-0483,Tra cứu thông tin: Thủ tục đăng ký sang tên xe máy chính chủ (Mã CH-0483)?,general,REVIEW_SIGNAL,90,2,"[""thủ"", ""tra""]",0.142857,34.2857,tra cứu thông tin thủ tục đăng ký,canonical_fetch_existing,https://hvdic.thivien.net/hv/th%E1%BB%A7,Tra từ: thủ - Từ điển Hán Nôm,DDG_REQUEST_ERROR,,,[],[],,SOURCE_FETCHED_NOT_REVIEWED,human_review_after_ddg_short_alignment,Pre-review filter only. HIGH_SIGNAL means >=2 shared terms and >=0.20 coverage; REVIEW_SIGNAL means it passed the relaxed shortlist threshold and still requires independent source/gold verification. No row is accepted as gold automatically.
CH-0482,Tra cứu thông tin: Tỷ giá USD/VND tác động thế nào đến doanh nghiệp xuất khẩu (Mã CH-0482)?,general,REVIEW_SIGNAL,91,2,"[""giá"", ""tỷ""]",0.142857,34.2857,tra cứu thông tin tỷ giá usd vnd,canonical_fetch_existing,https://www.vietcombank.com.vn/vi-VN/KHCN/Cong-cu-Tien-ich/Ty-gia,Tỷ gi&#225;,DDG_REQUEST_ERROR,,,[],[],,SOURCE_FETCHED_NOT_REVIEWED,human_review_after_ddg_short_alignment,Pre-review filter only. HIGH_SIGNAL means >=2 shared terms and >=0.20 coverage; REVIEW_SIGNAL means it passed the relaxed shortlist threshold and still requires independent source/gold verification. No row is accepted as gold automatically.
CH-0466,Tra cứu thông tin: Sự ra đời của chữ Quốc ngữ trong lịch sử Việt Nam (Mã CH-0466)?,general,REVIEW_SIGNAL,92,2,"[""sự"", ""tin""]",0.142857,34.2857,tra cứu thông tin sự ra đời chữ,canonical_fetch_existing,https://fconline.garena.vn/tin-tuc/su-kien/,WELCOME TO FC ONLINE &#8211; Sự kiện,DDG_REQUEST_ERROR,,,[],[],,SOURCE_FETCHED_NOT_REVIEWED,human_review_after_ddg_short_alignment,Pre-review filter only. HIGH_SIGNAL means >=2 shared terms and >=0.20 coverage; REVIEW_SIGNAL means it passed the relaxed shortlist threshold and still requires independent source/gold verification. No row is accepted as gold automatically.
CH-0464,Tra cứu thông tin: Tác dụng phụ của việc sử dụng thuốc kháng sinh tùy tiện (Mã CH-0464)?,general,REVIEW_SIGNAL,93,2,"[""tra"", ""tác""]",0.142857,34.2857,tra cứu thông tin tác dụng phụ việc,canonical_fetch_existing,https://hvdic.thivien.net/hv/t%C3%A1c,Tra từ: tác - Từ điển Hán Nôm,DDG_REQUEST_ERROR,,,[],[],,SOURCE_FETCHED_NOT_REVIEWED,human_review_after_ddg_short_alignment,Pre-review filter only. HIGH_SIGNAL means >=2 shared terms and >=0.20 coverage; REVIEW_SIGNAL means it passed the relaxed shortlist threshold and still requires independent source/gold verification. No row is accepted as gold automatically.
CH-0943,Tra cứu thông tin: Thủ tục đăng ký kết hôn có yếu tố nước ngoài (Mã CH-0943)?,general,REVIEW_SIGNAL,94,2,"[""thủ"", ""tra""]",0.133333,33.3333,tra cứu thông tin thủ tục đăng ký,canonical_fetch_existing,https://hvdic.thivien.net/hv/th%E1%BB%A7,Tra từ: thủ - Từ điển Hán Nôm,DDG_REQUEST_ERROR,,,[],[],,SOURCE_FETCHED_NOT_REVIEWED,human_review_after_ddg_short_alignment,Pre-review filter only. HIGH_SIGNAL means >=2 shared terms and >=0.20 coverage; REVIEW_SIGNAL means it passed the relaxed shortlist threshold and still requires independent source/gold verification. No row is accepted as gold automatically.
CH-0934,Tra cứu thông tin: Tác hại của việc thức khuya liên tục đối với gan và tim mạch (Mã CH-0934)?,general,REVIEW_SIGNAL,95,2,"[""tra"", ""tác""]",0.133333,33.3333,tra cứu thông tin tác hại việc thức,canonical_fetch_existing,https://hvdic.thivien.net/hv/t%C3%A1c,Tra từ: tác - Từ điển Hán Nôm,DDG_REQUEST_ERROR,,,[],[],,SOURCE_FETCHED_NOT_REVIEWED,human_review_after_ddg_short_alignment,Pre-review filter only. HIGH_SIGNAL means >=2 shared terms and >=0.20 coverage; REVIEW_SIGNAL means it passed the relaxed shortlist threshold and still requires independent source/gold verification. No row is accepted as gold automatically.
CH-0903,Tra cứu thông tin: Thủ tục cấp đổi hộ chiếu phổ thông online trên Cổng dịch vụ công (Mã CH-0903)?,general,REVIEW_SIGNAL,96,2,"[""thủ"", ""tra""]",0.133333,33.3333,tra cứu thông tin thủ tục cấp đổi,canonical_fetch_existing,https://hvdic.thivien.net/hv/th%E1%BB%A7,Tra từ: thủ - Từ điển Hán Nôm,DDG_REQUEST_ERROR,,,[],[],,SOURCE_FETCHED_NOT_REVIEWED,human_review_after_ddg_short_alignment,Pre-review filter only. HIGH_SIGNAL means >=2 shared terms and >=0.20 coverage; REVIEW_SIGNAL means it passed the relaxed shortlist threshold and still requires independent source/gold verification. No row is accepted as gold automatically.
CH-0443,Tra cứu thông tin: Thủ tục đăng ký kết hôn có yếu tố nước ngoài (Mã CH-0443)?,general,REVIEW_SIGNAL,97,2,"[""thủ"", ""tra""]",0.133333,33.3333,tra cứu thông tin thủ tục đăng ký,canonical_fetch_existing,https://hvdic.thivien.net/hv/th%E1%BB%A7,Tra từ: thủ - Từ điển Hán Nôm,DDG_REQUEST_ERROR,,,[],[],,SOURCE_FETCHED_NOT_REVIEWED,human_review_after_ddg_short_alignment,Pre-review filter only. HIGH_SIGNAL means >=2 shared terms and >=0.20 coverage; REVIEW_SIGNAL means it passed the relaxed shortlist threshold and still requires independent source/gold verification. No row is accepted as gold automatically.
CH-0434,Tra cứu thông tin: Tác hại của việc thức khuya liên tục đối với gan và tim mạch (Mã CH-0434)?,general,REVIEW_SIGNAL,98,2,"[""tra"", ""tác""]",0.133333,33.3333,tra cứu thông tin tác hại việc thức,canonical_fetch_existing,https://hvdic.thivien.net/hv/t%C3%A1c,Tra từ: tác - Từ điển Hán Nôm,DDG_REQUEST_ERROR,,,[],[],,SOURCE_FETCHED_NOT_REVIEWED,human_review_after_ddg_short_alignment,Pre-review filter only. HIGH_SIGNAL means >=2 shared terms and >=0.20 coverage; REVIEW_SIGNAL means it passed the relaxed shortlist threshold and still requires independent source/gold verification. No row is accepted as gold automatically.
CH-0403,Tra cứu thông tin: Thủ tục cấp đổi hộ chiếu phổ thông online trên Cổng dịch vụ công (Mã CH-0403)?,general,REVIEW_SIGNAL,99,2,"[""thủ"", ""tra""]",0.133333,33.3333,tra cứu thông tin thủ tục cấp đổi,canonical_fetch_existing,https://hvdic.thivien.net/hv/th%E1%BB%A7,Tra từ: thủ - Từ điển Hán Nôm,DDG_REQUEST_ERROR,,,[],[],,SOURCE_FETCHED_NOT_REVIEWED,human_review_after_ddg_short_alignment,Pre-review filter only. HIGH_SIGNAL means >=2 shared terms and >=0.20 coverage; REVIEW_SIGNAL means it passed the relaxed shortlist threshold and still requires independent source/gold verification. No row is accepted as gold automatically.
CH-0998,Tra cứu thông tin: Tác dụng của rừng ngập mặn đối với việc chắn sóng và biến đổi khí hậu (Mã CH-0998)?,general,REVIEW_SIGNAL,100,2,"[""tra"", ""tác""]",0.117647,31.7647,tra cứu thông tin tác dụng rừng ngập,canonical_fetch_existing,https://hvdic.thivien.net/hv/t%C3%A1c,Tra từ: tác - Từ điển Hán Nôm,DDG_REQUEST_ERROR,,,[],[],,SOURCE_FETCHED_NOT_REVIEWED,human_review_after_ddg_short_alignment,Pre-review filter only. HIGH_SIGNAL means >=2 shared terms and >=0.20 coverage; REVIEW_SIGNAL means it passed the relaxed shortlist threshold and still requires independent source/gold verification. No row is accepted as gold automatically.
CH-0498,Tra cứu thông tin: Tác dụng của rừng ngập mặn đối với việc chắn sóng và biến đổi khí hậu (Mã CH-0498)?,general,REVIEW_SIGNAL,101,2,"[""tra"", ""tác""]",0.117647,31.7647,tra cứu thông tin tác dụng rừng ngập,canonical_fetch_existing,https://hvdic.thivien.net/hv/t%C3%A1c,Tra từ: tác - Từ điển Hán Nôm,DDG_REQUEST_ERROR,,,[],[],,SOURCE_FETCHED_NOT_REVIEWED,human_review_after_ddg_short_alignment,Pre-review filter only. HIGH_SIGNAL means >=2 shared terms and >=0.20 coverage; REVIEW_SIGNAL means it passed the relaxed shortlist threshold and still requires independent source/gold verification. No row is accepted as gold automatically.
CH-0551,Cách phòng tránh tấn công giả mạo Phishing qua email mới nhất năm nay (Mã CH-0551)?,general,REVIEW_SIGNAL,102,1,"[""phòng""]",0.125,27.5,phòng tránh tấn công giả mạo phishing email,canonical_fetch_existing,https://vi.wikipedia.org/wiki/Ph%C3%B2ng,Phòng – Wikipedia tiếng Việt,DDG_REQUEST_ERROR,,,[],[],,SOURCE_FETCHED_NOT_REVIEWED,human_review_after_ddg_short_alignment,Pre-review filter only. HIGH_SIGNAL means >=2 shared terms and >=0.20 coverage; REVIEW_SIGNAL means it passed the relaxed shortlist threshold and still requires independent source/gold verification. No row is accepted as gold automatically.
CH-0507,Các bộ phim đạt giải Oscar xuất sắc nhất lịch sử mới nhất năm nay (Mã CH-0507)?,general,REVIEW_SIGNAL,103,1,"[""bộ""]",0.125,27.5,bộ phim đạt oscar xuất sắc lịch sử,canonical_fetch_existing,https://vi.wikipedia.org/wiki/B%E1%BB%99_(Ch%C3%ADnh_ph%E1%BB%A7_Vi%E1%BB%87t_Nam),Bộ (Chính phủ Việt Nam) – Wikipedia tiếng Việt,DDG_REQUEST_ERROR,,,[],[],,SOURCE_FETCHED_NOT_REVIEWED,human_review_after_ddg_short_alignment,Pre-review filter only. HIGH_SIGNAL means >=2 shared terms and >=0.20 coverage; REVIEW_SIGNAL means it passed the relaxed shortlist threshold and still requires independent source/gold verification. No row is accepted as gold automatically.
CH-0051,Cách phòng tránh tấn công giả mạo Phishing qua email mới nhất năm nay (Mã CH-0051)?,general,REVIEW_SIGNAL,104,1,"[""phòng""]",0.125,27.5,phòng tránh tấn công giả mạo phishing email,canonical_fetch_existing,https://vi.wikipedia.org/wiki/Ph%C3%B2ng,Phòng – Wikipedia tiếng Việt,DDG_API_OK,,,[],[],,SOURCE_FETCHED_NOT_REVIEWED,human_review_after_ddg_short_alignment,Pre-review filter only. HIGH_SIGNAL means >=2 shared terms and >=0.20 coverage; REVIEW_SIGNAL means it passed the relaxed shortlist threshold and still requires independent source/gold verification. No row is accepted as gold automatically.
CH-0007,Các bộ phim đạt giải Oscar xuất sắc nhất lịch sử mới nhất năm nay (Mã CH-0007)?,general,REVIEW_SIGNAL,105,1,"[""bộ""]",0.125,27.5,bộ phim đạt oscar xuất sắc lịch sử,canonical_fetch_existing,https://vi.wikipedia.org/wiki/B%E1%BB%99_(Ch%C3%ADnh_ph%E1%BB%A7_Vi%E1%BB%87t_Nam),Bộ (Chính phủ Việt Nam) – Wikipedia tiếng Việt,DDG_API_OK,,,[],[],,SOURCE_FETCHED_NOT_REVIEWED,human_review_after_ddg_short_alignment,Pre-review filter only. HIGH_SIGNAL means >=2 shared terms and >=0.20 coverage; REVIEW_SIGNAL means it passed the relaxed shortlist threshold and still requires independent source/gold verification. No row is accepted as gold automatically.
CH-0522,Xu hướng giá vàng thế giới và trong nước mới nhất năm nay (Mã CH-0522)?,general,REVIEW_SIGNAL,106,1,"[""xu""]",0.166667,26.6667,xu hướng giá vàng giới nước,canonical_fetch_existing,https://fingo.vn/tien-xu-viet-nam,,DDG_REQUEST_ERROR,,,[],[],,SOURCE_FETCHED_NOT_REVIEWED,human_review_after_ddg_short_alignment,Pre-review filter only. HIGH_SIGNAL means >=2 shared terms and >=0.20 coverage; REVIEW_SIGNAL means it passed the relaxed shortlist threshold and still requires independent source/gold verification. No row is accepted as gold automatically.
CH-0022,Xu hướng giá vàng thế giới và trong nước mới nhất năm nay (Mã CH-0022)?,general,REVIEW_SIGNAL,107,1,"[""xu""]",0.166667,26.6667,xu hướng giá vàng giới nước,canonical_fetch_existing,https://fingo.vn/tien-xu-viet-nam,,DDG_API_OK,,,[],[],,SOURCE_FETCHED_NOT_REVIEWED,human_review_after_ddg_short_alignment,Pre-review filter only. HIGH_SIGNAL means >=2 shared terms and >=0.20 coverage; REVIEW_SIGNAL means it passed the relaxed shortlist threshold and still requires independent source/gold verification. No row is accepted as gold automatically.
CH-0565,Cơ chế hoạt động của phản ứng hạt nhân nhân tạo mới nhất năm nay (Mã CH-0565)?,general,REVIEW_SIGNAL,108,1,"[""cơ""]",0.111111,26.1111,cơ chế hoạt động phản ứng hạt nhân,canonical_fetch_existing,https://vi.wikipedia.org/wiki/C%C6%A1_(sinh_h%E1%BB%8Dc),Cơ (sinh học) – Wikipedia tiếng Việt,DDG_API_OK,,,[],[],,SOURCE_FETCHED_NOT_REVIEWED,human_review_after_ddg_short_alignment,Pre-review filter only. HIGH_SIGNAL means >=2 shared terms and >=0.20 coverage; REVIEW_SIGNAL means it passed the relaxed shortlist threshold and still requires independent source/gold verification. No row is accepted as gold automatically.
CH-0511,Mô hình ngôn ngữ lớn LLM hoạt động như thế nào mới nhất năm nay (Mã CH-0511)?,general,REVIEW_SIGNAL,109,1,"[""mô""]",0.111111,26.1111,mô hình ngôn ngữ lớn llm hoạt động,canonical_fetch_existing,https://vi.wikipedia.org/wiki/M%C3%B4,Mô – Wikipedia tiếng Việt,DDG_REQUEST_ERROR,,,[],[],,SOURCE_FETCHED_NOT_REVIEWED,human_review_after_ddg_short_alignment,Pre-review filter only. HIGH_SIGNAL means >=2 shared terms and >=0.20 coverage; REVIEW_SIGNAL means it passed the relaxed shortlist threshold and still requires independent source/gold verification. No row is accepted as gold automatically.
CH-0065,Cơ chế hoạt động của phản ứng hạt nhân nhân tạo mới nhất năm nay (Mã CH-0065)?,general,REVIEW_SIGNAL,110,1,"[""cơ""]",0.111111,26.1111,cơ chế hoạt động phản ứng hạt nhân,canonical_fetch_existing,https://vi.wikipedia.org/wiki/C%C6%A1_(sinh_h%E1%BB%8Dc),Cơ (sinh học) – Wikipedia tiếng Việt,DDG_API_OK,,,[],[],,SOURCE_FETCHED_NOT_REVIEWED,human_review_after_ddg_short_alignment,Pre-review filter only. HIGH_SIGNAL means >=2 shared terms and >=0.20 coverage; REVIEW_SIGNAL means it passed the relaxed shortlist threshold and still requires independent source/gold verification. No row is accepted as gold automatically.
CH-0011,Mô hình ngôn ngữ lớn LLM hoạt động như thế nào mới nhất năm nay (Mã CH-0011)?,general,REVIEW_SIGNAL,111,1,"[""mô""]",0.111111,26.1111,mô hình ngôn ngữ lớn llm hoạt động,canonical_fetch_existing,https://vi.wikipedia.org/wiki/M%C3%B4,Mô – Wikipedia tiếng Việt,DDG_API_OK,,,[],[],,SOURCE_FETCHED_NOT_REVIEWED,human_review_after_ddg_short_alignment,Pre-review filter only. HIGH_SIGNAL means >=2 shared terms and >=0.20 coverage; REVIEW_SIGNAL means it passed the relaxed shortlist threshold and still requires independent source/gold verification. No row is accepted as gold automatically.
CH-0571,Tiêu chuẩn kết nối mạng 6G đang được nghiên cứu ra sao mới nhất năm nay (Mã CH-0571)?,general,REVIEW_SIGNAL,112,1,"[""tiêu""]",0.1,25.0,tiêu chuẩn kết nối mạng 6g đang nghiên,canonical_fetch_existing,https://vi.wikipedia.org/wiki/H%E1%BB%93_ti%C3%AAu,Hồ tiêu – Wikipedia tiếng Việt,DDG_API_OK,,,[],[],,SOURCE_FETCHED_NOT_REVIEWED,human_review_after_ddg_short_alignment,Pre-review filter only. HIGH_SIGNAL means >=2 shared terms and >=0.20 coverage; REVIEW_SIGNAL means it passed the relaxed shortlist threshold and still requires independent source/gold verification. No row is accepted as gold automatically.
CH-0559,Các tiêu chí chọn mua xe máy điện chất lượng cao mới nhất năm nay (Mã CH-0559)?,general,REVIEW_SIGNAL,113,1,"[""tiêu""]",0.1,25.0,tiêu chí chọn mua xe máy điện chất,canonical_fetch_existing,https://vi.wikipedia.org/wiki/H%E1%BB%93_ti%C3%AAu,Hồ tiêu – Wikipedia tiếng Việt,DDG_API_OK,,,[],[],,SOURCE_FETCHED_NOT_REVIEWED,human_review_after_ddg_short_alignment,Pre-review filter only. HIGH_SIGNAL means >=2 shared terms and >=0.20 coverage; REVIEW_SIGNAL means it passed the relaxed shortlist threshold and still requires independent source/gold verification. No row is accepted as gold automatically.
CH-0553,Quyền sở hữu trí tuệ đối với phần mềm máy tính mới nhất năm nay (Mã CH-0553)?,general,REVIEW_SIGNAL,114,1,"[""quyền""]",0.1,25.0,quyền sở hữu trí tuệ đối phần mềm,canonical_fetch_existing,https://vi.wikipedia.org/wiki/Nh%C3%A2n_quy%E1%BB%81n,Nhân quyền – Wikipedia tiếng Việt,DDG_REQUEST_ERROR,,,[],[],,SOURCE_FETCHED_NOT_REVIEWED,human_review_after_ddg_short_alignment,Pre-review filter only. HIGH_SIGNAL means >=2 shared terms and >=0.20 coverage; REVIEW_SIGNAL means it passed the relaxed shortlist threshold and still requires independent source/gold verification. No row is accepted as gold automatically.
CH-0071,Tiêu chuẩn kết nối mạng 6G đang được nghiên cứu ra sao mới nhất năm nay (Mã CH-0071)?,general,REVIEW_SIGNAL,115,1,"[""tiêu""]",0.1,25.0,tiêu chuẩn kết nối mạng 6g đang nghiên,canonical_fetch_existing,https://vi.wikipedia.org/wiki/H%E1%BB%93_ti%C3%AAu,Hồ tiêu – Wikipedia tiếng Việt,DDG_REQUEST_ERROR,,,[],[],,SOURCE_FETCHED_NOT_REVIEWED,human_review_after_ddg_short_alignment,Pre-review filter only. HIGH_SIGNAL means >=2 shared terms and >=0.20 coverage; REVIEW_SIGNAL means it passed the relaxed shortlist threshold and still requires independent source/gold verification. No row is accepted as gold automatically.
CH-0059,Các tiêu chí chọn mua xe máy điện chất lượng cao mới nhất năm nay (Mã CH-0059)?,general,REVIEW_SIGNAL,116,1,"[""tiêu""]",0.1,25.0,tiêu chí chọn mua xe máy điện chất,canonical_fetch_existing,https://vi.wikipedia.org/wiki/H%E1%BB%93_ti%C3%AAu,Hồ tiêu – Wikipedia tiếng Việt,DDG_API_OK,,,[],[],,SOURCE_FETCHED_NOT_REVIEWED,human_review_after_ddg_short_alignment,Pre-review filter only. HIGH_SIGNAL means >=2 shared terms and >=0.20 coverage; REVIEW_SIGNAL means it passed the relaxed shortlist threshold and still requires independent source/gold verification. No row is accepted as gold automatically.
CH-0053,Quyền sở hữu trí tuệ đối với phần mềm máy tính mới nhất năm nay (Mã CH-0053)?,general,REVIEW_SIGNAL,117,1,"[""quyền""]",0.1,25.0,quyền sở hữu trí tuệ đối phần mềm,canonical_fetch_existing,https://vi.wikipedia.org/wiki/Nh%C3%A2n_quy%E1%BB%81n,Nhân quyền – Wikipedia tiếng Việt,DDG_API_OK,,,"[{""chunk_id"": ""doc-6c7e35b0cb11fead-chunk-001"", ""document_id"": ""doc-6c7e35b0cb11fead"", ""source_url"": ""https://vi.wikipedia.org/wiki/Tr%C3%AD_tu%E1%BB%87_nh%C3%A2n_t%E1%BA%A1o"", ""source_title"": ""Trí tuệ nhân tạo"", ""text"": ""Trí tuệ nhân tạo (tiếng Anh: artificial intelligence, viết tắt là AI) là khả năng của các hệ thống máy tính thực hiện các nhiệm vụ liên quan đến trí thông minh của con người, như học tập, suy luận, giải quyết vấn đề, nhận thức và đưa ra quyết định. Đây là một lĩnh vực nghiên cứu thuộc khoa học máy tính tập trung phát triển và nghiên cứu các phương pháp và phần mềm giúp máy móc có thể nhận thức môi trường xung quanh, cũng như sử dụng học tập và trí tuệ để thực hiện hành động nhằm tối đa hóa khả năng đạt được các mục tiêu đã định.\nCác ứng dụng nổi bật của AI bao gồm công cụ tìm kiếm web tiên tiến (ví dụ: Google Tìm kiếm); hệ thống đề xuất (được sử dụng bởi YouTube, Amazon và Netflix); trợ lý ảo (ví dụ: Trợ lý Google, Siri và Alexa); xe tự lái (ví dụ: Waymo); công cụ sáng tạo và nội dung tạo sinh (ví dụ: mô hình ngôn ngữ và nghệ thuật AI); cùng khả năng chơi và phân tích vượt trội hơn con người trong các trò chơi chiến lược (ví dụ: cờ vua và cờ vây). Tuy nhiên, nhiều ứng dụng AI không được nhận diện là AI: \""Rất nhiều công nghệ AI đỉnh cao đã được tích hợp vào các ứng dụng thông thường, thường không còn được gọi là AI vì một khi thứ gì đó trở nên đủ hữu ích và phổ biến, nó không còn được dán nhãn AI nữa.\""\nNhiều phân ngành trong nghiên cứu trí tuệ nhân tạo tập trung vào các mục tiêu cụ thể và sử dụng những công cụ đặc thù. Các mục tiêu truyền thống của nghiên cứu AI bao gồm học tập, lập luận, biểu diễn tri thức, lập kế hoạch, xử lý ngôn ngữ tự nhiên, nhận thức và hỗ trợ robot. Để đạt được những mục tiêu đó, các nhà nghiên cứu AI đã ứng dụng và tích hợp đa dạng kỹ thuật, như tìm kiếm và tối ưu hóa toán học, logic hình thức, mạng nơ-ron nhân tạo, cùng các phương pháp dựa trên thống kê, nghiên cứu hoạt động và kinh tế học. Ngoài ra, AI còn kế thừa kiến thức từ tâm lý học, ngôn ngữ học, triết học, khoa học thần kinh và nhiều lĩnh vực khác. Một số công ty như OpenAI, Google DeepMind và Meta, đang đặt mục tiêu phát triển trí tuệ nhân tạo tổng quát (AGI)—một dạng AI có khả năng thực hiện hầu hết mọi nhiệm vụ nhận thức ở mức độ ngang bằng hoặc vượt trội so với con người.\nTrí tuệ nhân tạo ban đầu được thành lập như một ngành học thuật vào năm 1956, và lĩnh vực này đã trải qua nhiều chu kỳ lạc quan trong suốt lịch sử, xen kẽ với nó là những giai đoạn thất vọng và mất nguồn tài trợ, được gọi là mùa đông AI. Nguồn tài trợ và sự quan tâm dần tăng mạnh sau năm 2012 khi các bộ xử lý đồ họa (GPU) bắt đầu được sử dụng để tăng tốc mạng nơ-ron và kỹ năng học sâu dần vượt trội hơn so với các kỹ thuật AI trước đó. Sự tăng trưởng này tiếp tục tăng tốc sau năm 2017 nhờ kiến trúc transformer. Trong những năm 2020, sự xuất hiện của trí tuệ nhân tạo tạo sinh tiên tiến đã trở nên nổi tiếng, đánh dấu giai đoạn tiến bộ nhanh chóng của lĩnh vực này với tên gọi là cơn sốt AI. Trí tuệ nhân tạo tạo sinh với khả năng tạo ra cũng như chỉnh sửa nội dung đã dẫn đến nhiều hậu quả ngoài ý muốn ở hiện tại. Những lo ngại về đạo đức cũng được nhắc đến về ảnh hưởng lâu dài của AI và những rủi ro tồn vong tiềm tàng, từ đó thúc đẩy các cuộc thảo luận về chính sách quản lý nhằm đảm bảo tính an toàn và lợi ích của công nghệ này.\n\n\n== Mục đích ==\nVấn đề tổng quát của việc mô phỏng (hay tạo ra) khả năng trí tuệ đã được chia thành các bài toán con. Những bài toán này bao gồm các đặc tính hoặc khả năng cụ thể mà các nhà nghiên cứu kỳ vọng về một hệ thống thông minh cần trình diện. Các đặc tính được mô tả dưới đây đã nhận được nhiều sự quan tâm nhất và bao quát được phạm vi nghiên cứu AI.\n\n\n=== Suy luận và giải quyết vấn đề ===\nCác nhà nghiên cứu từ thời kỳ đầu đã phát triển những thuật toán mô phỏng quá trình suy luận từng bước mà con người sử dụng khi giải các câu đố hay thực hiện những suy diễn logic. Đến cuối những năm 1980 và 1990, các phương pháp xử lý thông tin không chắc chắn hoặc không đầy đủ đã được phát triển bằng cách sử dụng các khái niệm từ lý thuyết xác suất và kinh tế học.\nNhiều thuật toán trong số này không đủ khả năng để giải quyết các bài toán suy luận quy mô lớn vì chúng gặp phải hiện tượng \""bùng nổ tổ hợp\"": về cơ bản, các thuật toán sẽ trở nên chậm đi theo cấp số nhân khi bài toán được phát triển. Ngay cả con người cũng hiếm khi sử dụng phương pháp suy diễn từng bước mà những nghiên cứu AI thời kỳ đầu có thể mô phỏng. Chúng ta giải quyết phần lớn vấn đề bằng những phán đoán trực giác nhanh chóng. Việc đạt được khả năng suy luận chính xác và hiệu quả vẫn là một bài toán chưa có lời giải.\n\n\n=== Biểu diễn tri thức ===\n\nBiểu diễn tri thức và kỹ thuật xử lý tri thức đóng vai trò then chốt trong việc trang bị cho các hệ thống AI khả năng trả lời câu hỏi một cách thông minh và suy luận về các hiện tượng trong thế giới thực. Những phương pháp biểu diễn tri thức mang tính hình thức này không chỉ được ứng dụng trong lập chỉ mục và truy xuất nội dung, mà còn giữ vai trò quan trọng trong việc diễn giải bối cảnh, hỗ trợ quyết định trong lĩnh vực y học lâm sàng, khám phá tri thức từ cơ sở dữ liệu lớn, (tức là khai thác những suy luận có ý nghĩa và khả thi về mặt hành động), cùng nhiều lĩnh vực chuyên sâu khác.\nCơ sở tri thức là tập hợp tri thức được cấu trúc theo cách mà các hệ thống máy tính có thể hiểu và vận dụng. Một bản thể học trong ngữ cảnh này là hệ thống các đối tượng, khái niệm, thuộc tính và mối quan hệ được xác định trong phạm vi một lĩnh vực tri thức cụ thể. Để trở nên hữu ích, cơ sở tri thức cần có khả năng biểu diễn một cách rõ ràng và nhất quán các thực thể như đối tượng, thuộc tính, phân loại và mối quan hệ giữa các đối tượng; đồng thời bao hàm cả các tình huống, sự kiện, trạng thái và yếu tố thời gian; các mối quan hệ nhân quả; tri thức bậc hai (tức là kiến thức về tri thức, những gì ta biết về hiểu biết của người khác); và lý luận mặc định (tức những giả định được con người chấp nhận là đúng cho đến khi có bằng chứng bác bỏ, và vẫn được xem là đúng trong nhiều tình huống thay đổi); Ngoài ra, cơ sở tri thức còn phải bao phủ được nhiều chiều cạnh khác nhau của tri thức, đáp ứng yêu cầu của các lĩnh vực chuyên sâu và ngữ cảnh ứng dụng đa dạng.\nMột trong những thách thức lớn nhất trong biểu diễn tri thức nằm ở độ rộng bao phủ của kiến thức thông thường (tập hợp khổng lồ các tri thức nguyên tử mà một người bình thường nắm giữ trong đời sống hằng ngày); Không chỉ đồ sộ về số lượng, phần lớn loại tri thức này còn tồn tại dưới dạng phi biểu tượng (tức không được mã hóa rõ ràng thành các \""sự kiện\"" hay \""mệnh đề\"" mà con người có thể dễ dàng diễn đạt bằng ngôn ngữ tự nhiên). Bên cạnh đó, quá trình thu thập và chuẩn hóa tri thức phục vụ cho các ứng dụng AI cũng đặt ra nhiều thách thức về cả quy mô, độ chính xác và tính phù hợp với ngữ cảnh ứng dụng cụ thể.\n\n\n=== Lập kế hoạch và ra quyết định ===\n\""Tác nhân\"" được hiểu là bất kỳ thực thể nào có khả năng nhận thức và thực hiện hành động trong thế giới. Một tác nhân lý trí là tác nhân sở hữu mục tiêu hoặc sở thích nhất định, và hành động nhằm hiện thực hóa những mục tiêu hoặc thỏa mãn sở thích đó. Trong lĩnh vực lập kế hoạch tự động, tác nhân được định hướng bởi một mục tiêu cụ thể. Ngược lại, trong bối cảnh ra quyết định tự động, tác nhân được cho là có những sở thích – tức là một số trạng huống mà nó mong muốn tham gia, và những trạng huống khác mà nó tìm cách tránh né. Để biểu thị mức độ ưa thích đối với từng trạng huống, tác nhân gán cho mỗi trạng huống một giá trị số, gọi là tiện ích. Khi đối mặt với các hành động khả thi, tác nhân có thể tính toán tiện ích kỳ vọng của từng hành động, tức là giá trị trung bình của tiện ích các kết quả có thể xảy ra, có xét đến xác suất tương ứng của mỗi kết quả. Dựa trên phép tính này, tác nhân sẽ lựa chọn hành động có tiện ích kỳ vọng cao nhất, nhằm tối ưu hóa mức độ thỏa mãn sở thích của mình.\nTrong kế hoạch cổ điển, tác nhân được giả định là biết một cách chính xác hệ quả của mọi hành động mà nó có thể thực hiện. Tuy nhiên, trong phần lớn các bài toán thực tế, tác nhân thường phải đối mặt với sự bất định: nó có thể không nắm rõ tình trạng hiện tại của môi trường (nghĩa là môi trường không xác định hoặc không thể quan sát đầy đủ), và cũng không chắc chắn về kết quả của mỗi hành động khả thi (tức môi trường không mang tính quyết định). Trong bối cảnh đó, tác nhân buộc phải lựa chọn hành động dựa trên các suy luận xác suất, đồng thời liên tục đánh giá lại tình hình sau mỗi hành động để xác định mức độ hiệu quả của hành động vừa thực hiện.\nTrong một số bài toán, sở thích của tác nhân không hoàn toàn chắc chắn, đặc biệt khi có sự tham gia của các tác nhân khác hoặc con người. Những sở thích này có thể được rút trích thông qua học tập, chẳng hạn như học tăng cường ngược, hoặc tác nhân có thể chủ động tìm kiếm thông tin nhằm cải thiện hiểu biết của mình về sở thích nội tại. Trong bối cảnh đó, lý thuyết giá trị thông tin đóng vai trò quan trọng trong việc đánh giá lợi ích của các hành động khám phá hoặc thử nghiệm. Tuy nhiên, không gian hành động và trạng huống có thể xảy ra trong tương lai thường có quy mô và độ phức tạp cao, đến mức không thể xử lý một cách khả thi, buộc tác nhân phải đưa ra"", ""content_hash"": ""sha256:f82bcec04818093d32965a19e554529f4c12d7fce51a66972a7c46189ea494a8""}]",[],,SOURCE_FETCHED_NOT_REVIEWED,human_review_after_ddg_short_alignment,Pre-review filter only. HIGH_SIGNAL means >=2 shared terms and >=0.20 coverage; REVIEW_SIGNAL means it passed the relaxed shortlist threshold and still requires independent source/gold verification. No row is accepted as gold automatically.
CH-0555,Lịch thi tốt nghiệp THPT Quốc gia năm nay mới nhất năm nay (Mã CH-0555)?,general,REVIEW_SIGNAL,118,1,"[""lịch""]",0.142857,24.2857,lịch thi tốt nghiệp thpt quốc gia,canonical_fetch_existing,https://www.24h.com.vn/lich-van-nien-c936.html,"Lịch vạn niên 2026 - Xem lịch âm, lịch dương, giờ hoàng đạo theo ngày tháng",DDG_REQUEST_ERROR,,,[],[],,SOURCE_FETCHED_NOT_REVIEWED,human_review_after_ddg_short_alignment,Pre-review filter only. HIGH_SIGNAL means >=2 shared terms and >=0.20 coverage; REVIEW_SIGNAL means it passed the relaxed shortlist threshold and still requires independent source/gold verification. No row is accepted as gold automatically.
CH-0055,Lịch thi tốt nghiệp THPT Quốc gia năm nay mới nhất năm nay (Mã CH-0055)?,general,REVIEW_SIGNAL,119,1,"[""lịch""]",0.142857,24.2857,lịch thi tốt nghiệp thpt quốc gia,canonical_fetch_existing,https://www.24h.com.vn/lich-van-nien-c936.html,"Lịch vạn niên 2026 - Xem lịch âm, lịch dương, giờ hoàng đạo theo ngày tháng",DDG_API_OK,,,[],[],,SOURCE_FETCHED_NOT_REVIEWED,human_review_after_ddg_short_alignment,Pre-review filter only. HIGH_SIGNAL means >=2 shared terms and >=0.20 coverage; REVIEW_SIGNAL means it passed the relaxed shortlist threshold and still requires independent source/gold verification. No row is accepted as gold automatically.
CH-0944,Tra cứu thông tin: Cách phân biệt sốt xuất huyết và sốt siêu vi (Mã CH-0944)?,general,REVIEW_SIGNAL,120,1,"[""vi""]",0.090909,24.0909,tra cứu thông tin phân biệt sốt xuất,canonical_fetch_existing,https://vi.wikipedia.org/wiki/Virus,Virus – Wikipedia tiếng Việt,DDG_REQUEST_ERROR,,,[],[],,SOURCE_FETCHED_NOT_REVIEWED,human_review_after_ddg_short_alignment,Pre-review filter only. HIGH_SIGNAL means >=2 shared terms and >=0.20 coverage; REVIEW_SIGNAL means it passed the relaxed shortlist threshold and still requires independent source/gold verification. No row is accepted as gold automatically.
CH-0644,Thông tin chi tiết về cách phân biệt sốt xuất huyết và sốt siêu vi (Mã CH-0644)?,general,REVIEW_SIGNAL,121,1,"[""vi""]",0.090909,24.0909,thông tin chi tiết phân biệt sốt xuất,canonical_fetch_existing,https://vi.wikipedia.org/wiki/Ch%C3%AC,Chì – Wikipedia tiếng Việt,DDG_REQUEST_ERROR,,,[],[],,SOURCE_FETCHED_NOT_REVIEWED,human_review_after_ddg_short_alignment,Pre-review filter only. HIGH_SIGNAL means >=2 shared terms and >=0.20 coverage; REVIEW_SIGNAL means it passed the relaxed shortlist threshold and still requires independent source/gold verification. No row is accepted as gold automatically.
CH-0621,Thông tin chi tiết về quy định mới về an toàn thông tin mạng tại việt nam (Mã CH-0621)?,general,REVIEW_SIGNAL,122,1,"[""việt""]",0.090909,24.0909,thông tin chi tiết quy định an toàn,canonical_fetch_existing,https://vi.wikipedia.org/wiki/Ch%C3%AC,Chì – Wikipedia tiếng Việt,DDG_REQUEST_ERROR,,,[],[],,SOURCE_FETCHED_NOT_REVIEWED,human_review_after_ddg_short_alignment,Pre-review filter only. HIGH_SIGNAL means >=2 shared terms and >=0.20 coverage; REVIEW_SIGNAL means it passed the relaxed shortlist threshold and still requires independent source/gold verification. No row is accepted as gold automatically.
CH-0600,Tiêu chuẩn kích thước sân bóng rổ thi đấu chuyên nghiệp mới nhất năm nay (Mã CH-0600)?,general,REVIEW_SIGNAL,123,1,"[""tiêu""]",0.090909,24.0909,tiêu chuẩn kích thước sân bóng rổ thi,canonical_fetch_existing,https://vi.wikipedia.org/wiki/H%E1%BB%93_ti%C3%AAu,Hồ tiêu – Wikipedia tiếng Việt,DDG_API_OK,,,[],[],,SOURCE_FETCHED_NOT_REVIEWED,human_review_after_ddg_short_alignment,Pre-review filter only. HIGH_SIGNAL means >=2 shared terms and >=0.20 coverage; REVIEW_SIGNAL means it passed the relaxed shortlist threshold and still requires independent source/gold verification. No row is accepted as gold automatically.
CH-0144,Thông tin chi tiết về cách phân biệt sốt xuất huyết và sốt siêu vi (Mã CH-0144)?,general,REVIEW_SIGNAL,124,1,"[""vi""]",0.090909,24.0909,thông tin chi tiết phân biệt sốt xuất,canonical_fetch_existing,https://vi.wikipedia.org/wiki/Ch%C3%AC,Chì – Wikipedia tiếng Việt,DDG_REQUEST_ERROR,,,[],[],,SOURCE_FETCHED_NOT_REVIEWED,human_review_after_ddg_short_alignment,Pre-review filter only. HIGH_SIGNAL means >=2 shared terms and >=0.20 coverage; REVIEW_SIGNAL means it passed the relaxed shortlist threshold and still requires independent source/gold verification. No row is accepted as gold automatically.
CH-0121,Thông tin chi tiết về quy định mới về an toàn thông tin mạng tại việt nam (Mã CH-0121)?,general,REVIEW_SIGNAL,125,1,"[""việt""]",0.090909,24.0909,thông tin chi tiết quy định an toàn,canonical_fetch_existing,https://vi.wikipedia.org/wiki/Ch%C3%AC,Chì – Wikipedia tiếng Việt,DDG_REQUEST_ERROR,,,[],[],,SOURCE_FETCHED_NOT_REVIEWED,human_review_after_ddg_short_alignment,Pre-review filter only. HIGH_SIGNAL means >=2 shared terms and >=0.20 coverage; REVIEW_SIGNAL means it passed the relaxed shortlist threshold and still requires independent source/gold verification. No row is accepted as gold automatically.
CH-0100,Tiêu chuẩn kích thước sân bóng rổ thi đấu chuyên nghiệp mới nhất năm nay (Mã CH-0100)?,general,REVIEW_SIGNAL,126,1,"[""tiêu""]",0.090909,24.0909,tiêu chuẩn kích thước sân bóng rổ thi,canonical_fetch_existing,https://vi.wikipedia.org/wiki/H%E1%BB%93_ti%C3%AAu,Hồ tiêu – Wikipedia tiếng Việt,DDG_REQUEST_ERROR,,,[],[],,SOURCE_FETCHED_NOT_REVIEWED,human_review_after_ddg_short_alignment,Pre-review filter only. HIGH_SIGNAL means >=2 shared terms and >=0.20 coverage; REVIEW_SIGNAL means it passed the relaxed shortlist threshold and still requires independent source/gold verification. No row is accepted as gold automatically.
CH-0656,Thông tin chi tiết về tóm tắt diễn biến cách mạng tháng tám năm 1945 (Mã CH-0656)?,general,REVIEW_SIGNAL,127,1,"[""tháng""]",0.083333,23.3333,thông tin chi tiết tóm tắt diễn biến,canonical_fetch_existing,https://vi.wikipedia.org/wiki/Ch%C3%AC,Chì – Wikipedia tiếng Việt,DDG_REQUEST_ERROR,,,[],[],,SOURCE_FETCHED_NOT_REVIEWED,human_review_after_ddg_short_alignment,Pre-review filter only. HIGH_SIGNAL means >=2 shared terms and >=0.20 coverage; REVIEW_SIGNAL means it passed the relaxed shortlist threshold and still requires independent source/gold verification. No row is accepted as gold automatically.
CH-0608,Thông tin chi tiết về tác động của hiện tượng el nino đến thời tiết việt nam (Mã CH-0608)?,general,REVIEW_SIGNAL,128,1,"[""việt""]",0.083333,23.3333,thông tin chi tiết tác động tượng el,canonical_fetch_existing,https://vi.wikipedia.org/wiki/Ch%C3%AC,Chì – Wikipedia tiếng Việt,DDG_API_OK,,,[],[],,SOURCE_FETCHED_NOT_REVIEWED,human_review_after_ddg_short_alignment,Pre-review filter only. HIGH_SIGNAL means >=2 shared terms and >=0.20 coverage; REVIEW_SIGNAL means it passed the relaxed shortlist threshold and still requires independent source/gold verification. No row is accepted as gold automatically.
CH-0588,Mô hình kinh tế tuần hoàn trong xử lý chất thải công nghiệp mới nhất năm nay (Mã CH-0588)?,general,REVIEW_SIGNAL,129,1,"[""mô""]",0.083333,23.3333,mô hình kinh tế tuần hoàn xử lý,canonical_fetch_existing,https://vi.wikipedia.org/wiki/M%C3%B4,Mô – Wikipedia tiếng Việt,DDG_API_OK,,,"[{""chunk_id"": ""doc-93cb60844dc8990b-chunk-001"", ""document_id"": ""doc-93cb60844dc8990b"", ""source_url"": ""https://vi.wikipedia.org/wiki/Ch%E1%BA%A5t_th%E1%BA%A3i"", ""source_title"": ""Chất thải"", ""text"": ""Chất thải là những vật và chất mà người dùng không còn muốn sử dụng và thải ra, tuy nhiên trong một số ngữ cảnh nó có thể là không có ý nghĩa với người này nhưng lại là lợi ích của người khác, chất thải còn được gọi là rác. Trong cuộc sống, chất thải được hình dung là những chất không còn được sử dụng cùng với những chất độc được xuất ra từ chúng. Quản lý rác thải là hành động thu gom, phân loại và xử lý các loại rác thải của con người. Hoạt động này nhằm làm giảm các ảnh hưởng xấu của rác vào môi trường và xã hội. Rác liên quan trực tiếp tới sự phát triển của con người cả về công nghệ và xã hội. Cấu tạo của các loại rác biến đổi qua thời gian và nơi chốn, với quá trình phát triển và đổi mới có tính chất công nghiệp đang trực tiếp ảnh hưởng tới nguồn phế liệu. Ví dụ như nhựa và công nghệ hạt nhân. Một số thành phần của rác có giá trị kinh tế đã được tái chế lại một cách hoàn hảo.\n\n\n== Định nghĩa ==\nTheo Chương trình Môi trường Liên hợp quốc: Theo Công ước Basel về Kiểm soát các Di chuyển xuyên biên giới của các tiểu hành tinh nguy hiểm, chất thải là sự duy trì, được xử lý và có xu hướng bị xử lý hoặc được yêu cầu xử lý theo quy định của luật pháp quốc gia.\nTheo Liên minh Châu Âu: Theo chỉ định, về Chất thải 2008/98/EC.\n\n\n== Phân loại ==\nNếu xét theo mức độ độc hại, người ta phân thành chất thải nguy hại và chất thải không nguy hại.\nNếu xét theo phương thức thải, thì chất thải được chia thành:\n\n\n=== Rác sinh hoạt ===\nRác thải sinh hoạt là các chất rắn bị loại ra trong quá trình sống, sinh hoạt, hoạt động, sản xuất của con người và động vật. Rác phát sinh từ các hộ gia đình, khu công cộng, khu thương mại, khu xây dựng, bệnh viện, khu xử lý chất thải... Trong đó, rác sinh hoạt chiếm tỉ lệ cao nhất. Số lượng, thành phần chất lượng rác thải tại từng quốc gia, khu vực là rất khác nhau, phụ thuộc vào trình độ phát triển kinh tế, khoa học, kỹ thuật.\nBất kỳ một hoạt động sống của con người, tại nhà, công sở, trên đường đi, tại nơi công cộng..., đều sinh ra một lượng rác đáng kể. Thành phần chủ yếu của chúng là chất hữu cơ và rất dễ gây ô nhiễm trở lại cho môi trường sống nhất. Cho nên, rác sinh hoạt có thể định nghĩa là những thành phần tàn tích hữu cơ phục vụ cho hoạt động sống của con người, chúng không còn được sử dụng và vứt trả lại môi trường sống.\n\n\n=== Chất thải công nghiệp ===\nChất thải công nghiệp là các chất thải phát sinh từ các hoạt động sản xuất các nhà máy, xí nghiệp, gồm:\n\nChất thải rắn nguy hại: bao gồm khí thải độc hại, hóa chất ở dạng lỏng, chúng dễ gây ra cháy nổ, ngộ độc, tác động không tốt đến sức khỏe của con người và dễ ăn mòn nhiều vật chất khác.\nChất thải rắn như sắt thép kim loại bị gỉ cũ kĩ gây ít hoặc không nguy hại nhưng chúng cần phải được xử lý dọn dẹp hay tái chế cẩn thận.\nRác văn phòng: các văn phòng phẩm không còn sử dụng được nữa như giấy báo cũ, bút viết hết mực, hư hỏng.\n\n\n=== Chất thải xây dựng ===\nChất thải xây dựng được thải ra từ quá trình hoạt động của công trường xây dựng và sửa chữa các công trình xây dựng, chủ yếu là các loại gạch, đá, đất vụn... bị phá dỡ ra, chúng còn được gọi là xà bần.\n\n\n=== Chất thải y tế ===\nChất thải y tế là vật chất ở thể rắn, lỏng và khí được thải ra từ các cơ sở y tế, bao gồm:\n\nChất thải y tế nguy hại: là chất thải y tế chứa yếu tố nguy hại cho sức khỏe con người và môi trường như dễ lây nhiễm bệnh, gây ngộ độc, phóng xạ, dễ cháy, dễ nổ, dễ ăn mòn hoặc có đặc tính nguy hại khác nếu những chất thải này không được tiêu hủy an toàn.\nChất thải thông thường.\n\n\n== Báo cáo ==\n\nCó nhiều vấn đề xung quanh việc báo cáo lãng phí. Nó thường được đo bằng kích thước hoặc trọng lượng, và có sự khác biệt rõ rệt giữa hai loại . Ví dụ, chai nhựa hoặc thủy tinh có thể có trọng lượng khác nhau nhưng có cùng kích thước.Dựa trên báo cáo chưa đầy đủ từ các bên, công ước Basel ước tính 338 triệu tấn chất thải được tạo ra năm 2001. Trong cùng năm, OECD ước tính 4 tỷ tấn từ các quốc gia trong khu vực . Bất chấp những mâu thuẫn này, báo cáo chất thải vẫn hữu ích đối với 1 và quy mô lớn đề xác định nguyên nhân và vị trí chính, đồng thời tìm cách ngăn ngừa, giảm thiểu, thu hồi, xử lý và tiêu huỷ rác thải.\n\n\n== Chi phí ==\n\n\n=== Chi phí môi trường ===\nChất thải được quản lý không phù hợp có thể làm mất tác dụng của các loài gặm nhấm và cá, gây bênhj ký sinh trùng đường ruột, sốt vàng da, giun, bệnh dịch hạch và các bệnh khác cho con người, và việc tiếp xúc với chất thải nguy hại, đặc biệt là khi chúng bị đốt, có thể gây ra nhiều bệnh khác bao gồm cả ung thư. Các chất thải độc hại có thể làm gây ô nhiễm môi trường nước, dất, không khí, và gây ra nhiều vấn đè lớn đối với môi trường sinh thái. Xử lý và tiêu huỷ chất thải tạo ra lượng khí thải nhà kính ( GHG ) đáng kể, đặc biệt là khí metan, đang góp phần đáng kể vào sự nóng lên toàn cầu.\n\n\n=== Chi phí xã hội ===\nQuản lý chất thải là 1 công bằng môi trường quan trọng. nhiều gánh nặng về môi trường được trích dẫn ở trên thường do các nhóm bọ gạt ra bên lề, chẳng hạng như dân tộc thiểu số, phụ nữ và cư dân của quóc gia đang phát triển phải gánh chịu. NIMBY là sự phản đối của cư dân đối với đề xuất phát triển mới vì nó gần với họ. Tuy nhiên, nhu cầu mở rộng và bố trí các cơ sở hạ tầng xử lý và tiêu huỷ chất thải đang gia tăng trên thế giới. Hiện nay, thị trường ngày càng tăng  trong sự di chuyển xuyên biên giới của chất thải và mặc du hầu hết chất thải chảy giữa các quốc gia đi giữa các quốc gia phát triển, một lượng lớn chất thải được di chuyển từ các quốc gia phát triển sang các quốc gia đang phát triển.\n\n\n=== Chi phí kinh tế ===\nChi phí kinh tế của việc quản lý chất thải rất cao và thường do chính quyền các thành phố chi trả. tiền thường có thể tiết kiệm với các tuyến đường thu gom với thiết kế phù hợp, sửa đổi phương tiện và với giáo dục phổ thông. Các chính sách môi trường chẳng hạn như taí chế,..Lĩnh vực này có thể làm thay đổi hoặc giamr đáng kể chất thải trong một hệ thống cụ thể, nhưng các tác động về kinh tế tiêu cực khác đi kèm với bệnh tật, nghèo đói, khai thác và lạm dụng đói với người lao động.\n\n\n== Phục hồi tài nguyên ==\nPhục hồi tài nguyên là việc thu hồi chất thải có thể tái chế được nhằm mục đích xử lý, cho một mục đích sử dụng cụ thể tiếp theo. Bao gồm xử lý chất thải tái chế để chiết xuất hoặc thu hồi vật liệu và tài nguyên hặc chuyển đổi thành năng lượng. Quá trình này được thực hiện tại nơi thu hồi tài nguyên tạo điều kiện. Phục hồi tài nguyên không chỉ quan trọng đối với môi trường mà còn có thể giảm lượng chất thải được đưa đến dòng thải, giảm điện tích cần thiết cho các bãi chôn lấp và bảo vệ các nguồn tài nguyên thiên nhiên có hạn.\n\n\n== Phục hồi năng lượng ==\nPhục hồi năng lượng từ chất thải sử dụng các vật liệu phế thải không thể tái chế và chiết xuất từ đó nhiệt, điện hoặc năng lượng thông qua nhiều quy trình, bao gồm đốt, khí hoá, nhiệt phân và phân huỷ kị khí. Quá trình này được gọi là chất thải thành năng lượng.\nCó một số cách để phục hồi năng lượng từ chất thải. Đốt hoặc đốt trực tiếp có kiểm soát chất thải rắn đô thị để giảm chất thải và tạo năng lượng. Phân huỷ kỵ khí là 1 quá trình phân huỷ xảy ra tự nhiên trong đó chất hữu cơ bị khử thành một thành phần hoá học đơn giản hơn trong điều kiện không có oxy. Đốt hoặc đốt có kiểm soát trực tiếp chất thải rắn đô thị để giảm thiểu chất thải và tạo năng lượng. Nhiên liệu thu hồi thứ cấp là năng lượng. Nhiên liệu thu hồi từ chất thải không thể tái sử dụng hoặc tái chế từ các hoạt động xử lý cơ học và sinh học. Nhiệt phân bao gồm việc đốt nóng. Khí hoá là sự chyển đổi vật liệu giàu cacbon thông qua nhiệt độ từ 3000-10000 độ C, nơi năng lượng được giải phóng bằng phóng điện trong môi trường trơ.\nSử dụng chất thải làm nhiên liệu có thể mang lại những lợi ích môt trường quan trọng. Nó có thể cung cấp một lựa chọn an toàn và hiệu quả về chi phí cho các chất thải mà thông thường sẽ phải xử lý bằng tiêu huỷ. Nó có thể giúp giảm CO2 bằng cách chuyển hướng sử dụng năng lượng từ nhiên liệu hoá thạch, đồng thời tạo ra nặng lượng và sử dụng chất thải làm nguyên liệu.  Giảm phát chất thải khí NH4 tạo ra trong đất bằng cách loại bỏ chất thải từ các bãi chôn lấp.\nCó một số tranh luận trong việc phân phối nhất định là chất thải . CTO, một dòng sản phẩm của quá trình sản xuất bột giấy, được định nghĩa là chất thải hoặc cặn ở một số nước châu âu khi chất béo được sản xuất trên ptenta 1 giá trị hsignicat d ptenta i ứng dụng trong ngành. Một số công ty sử dụng CT để prou lu, 17 trong khi nganhf công nghiệp hoá chất thông đã tối da hoá nó như 1 nguồn nguyên liệu'' sản xuất hoá chất sinh học, cacbon thấp'' thông qua sử dụng theo tầng.\n\n\n== Giáo dục và nhận thức ==\nGiáo dục và nhận thức trong lĩnh vực rác và quản lý rác đang ngày càng trở nên quan trong. Tốc độ và mức độ gia tăng nhanh chóng của tình trạng suy thoái và ô nhiễm môi trường và sự khan hiếm tài nguyên thiên nhiên đang là những vấn đề rất được quan tâm. Ô nhiễm không khí; tích tụ rác thải độc hại; phá hoại và làm khan hiếm rừng, đất và nước; tầng ô-zôn đang bị phá hủy và hiệu ứng nhà kính đang đe họa sự tồn tại của loài người và hàng ngàn "", ""content_hash"": ""sha256:b266c78c34dd5036f0dc0c7fdfd7dd7ef9cfad240872445ba58b68618f6aa30b""}]",[],,SOURCE_FETCHED_NOT_REVIEWED,human_review_after_ddg_short_alignment,Pre-review filter only. HIGH_SIGNAL means >=2 shared terms and >=0.20 coverage; REVIEW_SIGNAL means it passed the relaxed shortlist threshold and still requires independent source/gold verification. No row is accepted as gold automatically.
CH-0546,Di sản văn hóa phi vật thể nào của Việt Nam được UNESCO công nhận mới nhất năm nay (Mã CH-0546)?,general,REVIEW_SIGNAL,130,1,"[""việt""]",0.083333,23.3333,di sản văn hóa phi vật thể việt,canonical_fetch_existing,https://en.wikipedia.org/wiki/Vi%E1%BB%87t_T%C3%BA,Việt Tú - Wikipedia,DDG_REQUEST_ERROR,,,[],[],,SOURCE_FETCHED_NOT_REVIEWED,human_review_after_ddg_short_alignment,Pre-review filter only. HIGH_SIGNAL means >=2 shared terms and >=0.20 coverage; REVIEW_SIGNAL means it passed the relaxed shortlist threshold and still requires independent source/gold verification. No row is accepted as gold automatically.
CH-0199,Thông tin chi tiết về cách chế biến các món ăn ngon dễ làm từ ức gà (Mã CH-0199)?,general,REVIEW_SIGNAL,131,1,"[""gà""]",0.083333,23.3333,thông tin chi tiết chế biến món ăn,canonical_fetch_existing,https://vi.wikipedia.org/wiki/Th%E1%BB%8Bt_g%C3%A0,Thịt gà – Wikipedia tiếng Việt,DDG_REQUEST_ERROR,,,[],[],,SOURCE_FETCHED_NOT_REVIEWED,human_review_after_ddg_short_alignment,Pre-review filter only. HIGH_SIGNAL means >=2 shared terms and >=0.20 coverage; REVIEW_SIGNAL means it passed the relaxed shortlist threshold and still requires independent source/gold verification. No row is accepted as gold automatically.
CH-0156,Thông tin chi tiết về tóm tắt diễn biến cách mạng tháng tám năm 1945 (Mã CH-0156)?,general,REVIEW_SIGNAL,132,1,"[""tháng""]",0.083333,23.3333,thông tin chi tiết tóm tắt diễn biến,canonical_fetch_existing,https://vi.wikipedia.org/wiki/Ch%C3%AC,Chì – Wikipedia tiếng Việt,DDG_REQUEST_ERROR,,,[],[],,SOURCE_FETCHED_NOT_REVIEWED,human_review_after_ddg_short_alignment,Pre-review filter only. HIGH_SIGNAL means >=2 shared terms and >=0.20 coverage; REVIEW_SIGNAL means it passed the relaxed shortlist threshold and still requires independent source/gold verification. No row is accepted as gold automatically.
CH-0108,Thông tin chi tiết về tác động của hiện tượng el nino đến thời tiết việt nam (Mã CH-0108)?,general,REVIEW_SIGNAL,133,1,"[""việt""]",0.083333,23.3333,thông tin chi tiết tác động tượng el,canonical_fetch_existing,https://vi.wikipedia.org/wiki/Ch%C3%AC,Chì – Wikipedia tiếng Việt,DDG_REQUEST_ERROR,,,[],[],,SOURCE_FETCHED_NOT_REVIEWED,human_review_after_ddg_short_alignment,Pre-review filter only. HIGH_SIGNAL means >=2 shared terms and >=0.20 coverage; REVIEW_SIGNAL means it passed the relaxed shortlist threshold and still requires independent source/gold verification. No row is accepted as gold automatically.
CH-0088,Mô hình kinh tế tuần hoàn trong xử lý chất thải công nghiệp mới nhất năm nay (Mã CH-0088)?,general,REVIEW_SIGNAL,134,1,"[""mô""]",0.083333,23.3333,mô hình kinh tế tuần hoàn xử lý,canonical_fetch_existing,https://vi.wikipedia.org/wiki/M%C3%B4,Mô – Wikipedia tiếng Việt,DDG_REQUEST_ERROR,,,[],[],,SOURCE_FETCHED_NOT_REVIEWED,human_review_after_ddg_short_alignment,Pre-review filter only. HIGH_SIGNAL means >=2 shared terms and >=0.20 coverage; REVIEW_SIGNAL means it passed the relaxed shortlist threshold and still requires independent source/gold verification. No row is accepted as gold automatically.
CH-0585,Các phát minh khoa học làm thay đổi thế giới trong thế kỷ 21 mới nhất năm nay (Mã CH-0585)?,general,REVIEW_SIGNAL,135,1,"[""phát""]",0.125,22.5,phát minh khoa học thay đổi giới kỷ,canonical_fetch_existing,https://vi.wiktionary.org/wiki/ph%C3%A1t,phát – Wiktionary tiếng Việt,DDG_API_OK,,,[],[],,SOURCE_FETCHED_NOT_REVIEWED,human_review_after_ddg_short_alignment,Pre-review filter only. HIGH_SIGNAL means >=2 shared terms and >=0.20 coverage; REVIEW_SIGNAL means it passed the relaxed shortlist threshold and still requires independent source/gold verification. No row is accepted as gold automatically.
CH-0575,Sự khác biệt giữa tế bào gốc và tế bào thường mới nhất năm nay (Mã CH-0575)?,general,REVIEW_SIGNAL,136,1,"[""sự""]",0.125,22.5,sự khác biệt giữa tế bào gốc thường,canonical_fetch_existing,https://fconline.garena.vn/tin-tuc/su-kien/,WELCOME TO FC ONLINE &#8211; Sự kiện,DDG_API_OK,,,[],[],,SOURCE_FETCHED_NOT_REVIEWED,human_review_after_ddg_short_alignment,Pre-review filter only. HIGH_SIGNAL means >=2 shared terms and >=0.20 coverage; REVIEW_SIGNAL means it passed the relaxed shortlist threshold and still requires independent source/gold verification. No row is accepted as gold automatically.
CH-0572,Quy trình thành lập doanh nghiệp cổ phần mới nhất năm nay (Mã CH-0572)?,general,REVIEW_SIGNAL,137,1,"[""quy""]",0.125,22.5,quy trình thành lập doanh nghiệp cổ phần,canonical_fetch_existing,http://tratu.soha.vn/dict/vn_vn/Quy,Nghĩa của từ Quy - Từ điển Việt - Việt,DDG_API_OK,,,[],[],,SOURCE_FETCHED_NOT_REVIEWED,human_review_after_ddg_short_alignment,Pre-review filter only. HIGH_SIGNAL means >=2 shared terms and >=0.20 coverage; REVIEW_SIGNAL means it passed the relaxed shortlist threshold and still requires independent source/gold verification. No row is accepted as gold automatically.
CH-0531,Các xu hướng trí tuệ nhân tạo nổi bật năm nay mới nhất năm nay (Mã CH-0531)?,general,REVIEW_SIGNAL,138,1,"[""xu""]",0.125,22.5,xu hướng trí tuệ nhân tạo nổi bật,canonical_fetch_existing,https://fingo.vn/tien-xu-viet-nam,,DDG_REQUEST_ERROR,,,[],[],,SOURCE_FETCHED_NOT_REVIEWED,human_review_after_ddg_short_alignment,Pre-review filter only. HIGH_SIGNAL means >=2 shared terms and >=0.20 coverage; REVIEW_SIGNAL means it passed the relaxed shortlist threshold and still requires independent source/gold verification. No row is accepted as gold automatically.
CH-0517,Sự phát triển của dòng nhạc Pop hiện đại trên thế giới mới nhất năm nay (Mã CH-0517)?,general,REVIEW_SIGNAL,139,1,"[""sự""]",0.125,22.5,sự phát triển dòng nhạc pop đại giới,canonical_fetch_existing,https://fconline.garena.vn/tin-tuc/su-kien/,WELCOME TO FC ONLINE &#8211; Sự kiện,DDG_REQUEST_ERROR,,,[],[],,SOURCE_FETCHED_NOT_REVIEWED,human_review_after_ddg_short_alignment,Pre-review filter only. HIGH_SIGNAL means >=2 shared terms and >=0.20 coverage; REVIEW_SIGNAL means it passed the relaxed shortlist threshold and still requires independent source/gold verification. No row is accepted as gold automatically.
CH-0085,Các phát minh khoa học làm thay đổi thế giới trong thế kỷ 21 mới nhất năm nay (Mã CH-0085)?,general,REVIEW_SIGNAL,140,1,"[""phát""]",0.125,22.5,phát minh khoa học thay đổi giới kỷ,canonical_fetch_existing,https://vi.wiktionary.org/wiki/ph%C3%A1t,phát – Wiktionary tiếng Việt,DDG_REQUEST_ERROR,,,[],[],,SOURCE_FETCHED_NOT_REVIEWED,human_review_after_ddg_short_alignment,Pre-review filter only. HIGH_SIGNAL means >=2 shared terms and >=0.20 coverage; REVIEW_SIGNAL means it passed the relaxed shortlist threshold and still requires independent source/gold verification. No row is accepted as gold automatically.
CH-0075,Sự khác biệt giữa tế bào gốc và tế bào thường mới nhất năm nay (Mã CH-0075)?,general,REVIEW_SIGNAL,141,1,"[""sự""]",0.125,22.5,sự khác biệt giữa tế bào gốc thường,canonical_fetch_existing,https://fconline.garena.vn/tin-tuc/su-kien/,WELCOME TO FC ONLINE &#8211; Sự kiện,DDG_REQUEST_ERROR,,,[],[],,SOURCE_FETCHED_NOT_REVIEWED,human_review_after_ddg_short_alignment,Pre-review filter only. HIGH_SIGNAL means >=2 shared terms and >=0.20 coverage; REVIEW_SIGNAL means it passed the relaxed shortlist threshold and still requires independent source/gold verification. No row is accepted as gold automatically.
CH-0072,Quy trình thành lập doanh nghiệp cổ phần mới nhất năm nay (Mã CH-0072)?,general,REVIEW_SIGNAL,142,1,"[""quy""]",0.125,22.5,quy trình thành lập doanh nghiệp cổ phần,canonical_fetch_existing,http://tratu.soha.vn/dict/vn_vn/Quy,Nghĩa của từ Quy - Từ điển Việt - Việt,DDG_REQUEST_ERROR,,,[],[],,SOURCE_FETCHED_NOT_REVIEWED,human_review_after_ddg_short_alignment,Pre-review filter only. HIGH_SIGNAL means >=2 shared terms and >=0.20 coverage; REVIEW_SIGNAL means it passed the relaxed shortlist threshold and still requires independent source/gold verification. No row is accepted as gold automatically.
CH-0031,Các xu hướng trí tuệ nhân tạo nổi bật năm nay mới nhất năm nay (Mã CH-0031)?,general,REVIEW_SIGNAL,143,1,"[""xu""]",0.125,22.5,xu hướng trí tuệ nhân tạo nổi bật,canonical_fetch_existing,https://fingo.vn/tien-xu-viet-nam,,DDG_API_OK,,,[],[],,SOURCE_FETCHED_NOT_REVIEWED,human_review_after_ddg_short_alignment,Pre-review filter only. HIGH_SIGNAL means >=2 shared terms and >=0.20 coverage; REVIEW_SIGNAL means it passed the relaxed shortlist threshold and still requires independent source/gold verification. No row is accepted as gold automatically.
CH-0017,Sự phát triển của dòng nhạc Pop hiện đại trên thế giới mới nhất năm nay (Mã CH-0017)?,general,REVIEW_SIGNAL,144,1,"[""sự""]",0.125,22.5,sự phát triển dòng nhạc pop đại giới,canonical_fetch_existing,https://fconline.garena.vn/tin-tuc/su-kien/,WELCOME TO FC ONLINE &#8211; Sự kiện,DDG_API_OK,,,[],[],,SOURCE_FETCHED_NOT_REVIEWED,human_review_after_ddg_short_alignment,Pre-review filter only. HIGH_SIGNAL means >=2 shared terms and >=0.20 coverage; REVIEW_SIGNAL means it passed the relaxed shortlist threshold and still requires independent source/gold verification. No row is accepted as gold automatically.
CH-0586,Sự hình thành và phát triển của Đạo Phật tại Việt Nam mới nhất năm nay (Mã CH-0586)?,general,REVIEW_SIGNAL,145,1,"[""sự""]",0.111111,21.1111,sự hình thành phát triển đạo phật việt,canonical_fetch_existing,https://fconline.garena.vn/tin-tuc/su-kien/,WELCOME TO FC ONLINE &#8211; Sự kiện,DDG_API_OK,,,[],[],,SOURCE_FETCHED_NOT_REVIEWED,human_review_after_ddg_short_alignment,Pre-review filter only. HIGH_SIGNAL means >=2 shared terms and >=0.20 coverage; REVIEW_SIGNAL means it passed the relaxed shortlist threshold and still requires independent source/gold verification. No row is accepted as gold automatically.
CH-0581,Lập trình Python ứng dụng trong phân tích dữ liệu mới nhất năm nay (Mã CH-0581)?,general,REVIEW_SIGNAL,146,1,"[""lập""]",0.111111,21.1111,lập trình python ứng dụng phân tích dữ,canonical_fetch_existing,https://tuvi.vn/tuvivietnam,Lập lá số tử vi Việt Nam trọn đời - tuvivietnam,DDG_API_OK,,,[],[],,SOURCE_FETCHED_NOT_REVIEWED,human_review_after_ddg_short_alignment,Pre-review filter only. HIGH_SIGNAL means >=2 shared terms and >=0.20 coverage; REVIEW_SIGNAL means it passed the relaxed shortlist threshold and still requires independent source/gold verification. No row is accepted as gold automatically.
CH-0574,Mẹo giảm căng thẳng Stress trong công việc hiệu quả mới nhất năm nay (Mã CH-0574)?,general,REVIEW_SIGNAL,147,1,"[""mẹo""]",0.111111,21.1111,mẹo giảm căng thẳng stress công việc hiệu,canonical_fetch_existing,https://vietnamnet.vn/doi-song/meo-vat,"Mẹo vặt cuộc sống - Các mẹo đơn giản, dễ làm chị em nên biết",DDG_API_OK,,,[],[],,SOURCE_FETCHED_NOT_REVIEWED,human_review_after_ddg_short_alignment,Pre-review filter only. HIGH_SIGNAL means >=2 shared terms and >=0.20 coverage; REVIEW_SIGNAL means it passed the relaxed shortlist threshold and still requires independent source/gold verification. No row is accepted as gold automatically.
CH-0563,Quy định về bồi thường khi nhà nước thu hồi đất mới nhất năm nay (Mã CH-0563)?,general,REVIEW_SIGNAL,148,1,"[""quy""]",0.111111,21.1111,quy định bồi thường nhà nước thu hồi,canonical_fetch_existing,http://tratu.soha.vn/dict/vn_vn/Quy,Nghĩa của từ Quy - Từ điển Việt - Việt,DDG_API_OK,,,[],[],,SOURCE_FETCHED_NOT_REVIEWED,human_review_after_ddg_short_alignment,Pre-review filter only. HIGH_SIGNAL means >=2 shared terms and >=0.20 coverage; REVIEW_SIGNAL means it passed the relaxed shortlist threshold and still requires independent source/gold verification. No row is accepted as gold automatically.
CH-0541,So sánh điện toán đám mây Cloud và Edge Computing mới nhất năm nay (Mã CH-0541)?,general,REVIEW_SIGNAL,149,1,"[""so""]",0.111111,21.1111,so sánh điện toán đám mây cloud edge,canonical_fetch_existing,https://dict.longdo.com/search/so,,DDG_REQUEST_ERROR,,,[],[],,SOURCE_FETCHED_NOT_REVIEWED,human_review_after_ddg_short_alignment,Pre-review filter only. HIGH_SIGNAL means >=2 shared terms and >=0.20 coverage; REVIEW_SIGNAL means it passed the relaxed shortlist threshold and still requires independent source/gold verification. No row is accepted as gold automatically.
CH-0510,Luật thi đấu môn Cầu lông mới nhất của Liên đoàn Thế giới mới nhất năm nay (Mã CH-0510)?,general,REVIEW_SIGNAL,150,1,"[""luật""]",0.111111,21.1111,luật thi đấu môn cầu lông liên đoàn,canonical_fetch_existing,https://thuvienphapluat.vn/,"THƯ VIỆN PHÁP LUẬT _ Tra cứu, Nắm bắt Pháp Luật Việt Nam",DDG_REQUEST_ERROR,,,[],[],,SOURCE_FETCHED_NOT_REVIEWED,human_review_after_ddg_short_alignment,Pre-review filter only. HIGH_SIGNAL means >=2 shared terms and >=0.20 coverage; REVIEW_SIGNAL means it passed the relaxed shortlist threshold and still requires independent source/gold verification. No row is accepted as gold automatically.
CH-0086,Sự hình thành và phát triển của Đạo Phật tại Việt Nam mới nhất năm nay (Mã CH-0086)?,general,REVIEW_SIGNAL,151,1,"[""sự""]",0.111111,21.1111,sự hình thành phát triển đạo phật việt,canonical_fetch_existing,https://fconline.garena.vn/tin-tuc/su-kien/,WELCOME TO FC ONLINE &#8211; Sự kiện,DDG_REQUEST_ERROR,,,[],[],,SOURCE_FETCHED_NOT_REVIEWED,human_review_after_ddg_short_alignment,Pre-review filter only. HIGH_SIGNAL means >=2 shared terms and >=0.20 coverage; REVIEW_SIGNAL means it passed the relaxed shortlist threshold and still requires independent source/gold verification. No row is accepted as gold automatically.
CH-0081,Lập trình Python ứng dụng trong phân tích dữ liệu mới nhất năm nay (Mã CH-0081)?,general,REVIEW_SIGNAL,152,1,"[""lập""]",0.111111,21.1111,lập trình python ứng dụng phân tích dữ,canonical_fetch_existing,https://tuvi.vn/tuvivietnam,Lập lá số tử vi Việt Nam trọn đời - tuvivietnam,DDG_REQUEST_ERROR,,,[],[],,SOURCE_FETCHED_NOT_REVIEWED,human_review_after_ddg_short_alignment,Pre-review filter only. HIGH_SIGNAL means >=2 shared terms and >=0.20 coverage; REVIEW_SIGNAL means it passed the relaxed shortlist threshold and still requires independent source/gold verification. No row is accepted as gold automatically.
CH-0074,Mẹo giảm căng thẳng Stress trong công việc hiệu quả mới nhất năm nay (Mã CH-0074)?,general,REVIEW_SIGNAL,153,1,"[""mẹo""]",0.111111,21.1111,mẹo giảm căng thẳng stress công việc hiệu,canonical_fetch_existing,https://vietnamnet.vn/doi-song/meo-vat,"Mẹo vặt cuộc sống - Các mẹo đơn giản, dễ làm chị em nên biết",DDG_REQUEST_ERROR,,,[],[],,SOURCE_FETCHED_NOT_REVIEWED,human_review_after_ddg_short_alignment,Pre-review filter only. HIGH_SIGNAL means >=2 shared terms and >=0.20 coverage; REVIEW_SIGNAL means it passed the relaxed shortlist threshold and still requires independent source/gold verification. No row is accepted as gold automatically.
CH-0063,Quy định về bồi thường khi nhà nước thu hồi đất mới nhất năm nay (Mã CH-0063)?,general,REVIEW_SIGNAL,154,1,"[""quy""]",0.111111,21.1111,quy định bồi thường nhà nước thu hồi,canonical_fetch_existing,http://tratu.soha.vn/dict/vn_vn/Quy,Nghĩa của từ Quy - Từ điển Việt - Việt,DDG_API_OK,,,[],[],,SOURCE_FETCHED_NOT_REVIEWED,human_review_after_ddg_short_alignment,Pre-review filter only. HIGH_SIGNAL means >=2 shared terms and >=0.20 coverage; REVIEW_SIGNAL means it passed the relaxed shortlist threshold and still requires independent source/gold verification. No row is accepted as gold automatically.
CH-0041,So sánh điện toán đám mây Cloud và Edge Computing mới nhất năm nay (Mã CH-0041)?,general,REVIEW_SIGNAL,155,1,"[""so""]",0.111111,21.1111,so sánh điện toán đám mây cloud edge,canonical_fetch_existing,https://dict.longdo.com/search/so,,DDG_API_OK,,,[],[],,SOURCE_FETCHED_NOT_REVIEWED,human_review_after_ddg_short_alignment,Pre-review filter only. HIGH_SIGNAL means >=2 shared terms and >=0.20 coverage; REVIEW_SIGNAL means it passed the relaxed shortlist threshold and still requires independent source/gold verification. No row is accepted as gold automatically.
CH-0010,Luật thi đấu môn Cầu lông mới nhất của Liên đoàn Thế giới mới nhất năm nay (Mã CH-0010)?,general,REVIEW_SIGNAL,156,1,"[""luật""]",0.111111,21.1111,luật thi đấu môn cầu lông liên đoàn,canonical_fetch_existing,https://thuvienphapluat.vn/,"THƯ VIỆN PHÁP LUẬT _ Tra cứu, Nắm bắt Pháp Luật Việt Nam",DDG_API_OK,,,[],[],,SOURCE_FETCHED_NOT_REVIEWED,human_review_after_ddg_short_alignment,Pre-review filter only. HIGH_SIGNAL means >=2 shared terms and >=0.20 coverage; REVIEW_SIGNAL means it passed the relaxed shortlist threshold and still requires independent source/gold verification. No row is accepted as gold automatically.
CH-0595,Cách viết bài nghiên cứu khoa học đạt chuẩn quốc tế mới nhất năm nay (Mã CH-0595)?,general,REVIEW_SIGNAL,157,1,"[""viết""]",0.1,20.0,viết bài nghiên cứu khoa học đạt chuẩn,canonical_fetch_existing,https://vi.wiktionary.org/wiki/vi%E1%BA%BFt,viết – Wiktionary tiếng Việt,DDG_API_OK,,,[],[],,SOURCE_FETCHED_NOT_REVIEWED,human_review_after_ddg_short_alignment,Pre-review filter only. HIGH_SIGNAL means >=2 shared terms and >=0.20 coverage; REVIEW_SIGNAL means it passed the relaxed shortlist threshold and still requires independent source/gold verification. No row is accepted as gold automatically.
CH-0589,Phương pháp sắp xếp nhà cửa gọn gàng theo phong cách Nhật mới nhất năm nay (Mã CH-0589)?,general,REVIEW_SIGNAL,158,1,"[""phương""]",0.1,20.0,phương pháp sắp xếp nhà cửa gọn gàng,canonical_fetch_existing,https://futabus.vn/,FUTA Bus Lines,DDG_API_OK,,,"[{""chunk_id"": ""doc-f237504226cc2128-chunk-001"", ""document_id"": ""doc-f237504226cc2128"", ""source_url"": ""https://vi.wikipedia.org/wiki/Th%E1%BA%BF_L%E1%BB%AF"", ""source_title"": ""Thế Lữ"", ""text"": ""Thế Lữ (tên thật là: Nguyễn Đình Lễ, sau đổi thành Nguyễn Thứ Lễ, 10 tháng 6 năm 1907 – 3 tháng 6 năm 1989) là một nhà thơ, nhà văn, nhà soạn kịch và nhà hoạt động sân khấu người Việt Nam. Thế Lữ nổi danh trên văn đàn vào những năm 1930, với những tác phẩm Thơ mới, đặc biệt là bài Nhớ rừng, cùng những tác phẩm văn xuôi, tiêu biểu là tập truyện Vàng và máu (1934). Trở thành thành viên của nhóm Tự Lực văn đoàn kể từ khi mới thành lập (1934), ông hầu hết hoạt động sáng tác văn chương trong thời gian là thành viên của nhóm, đồng thời cũng đảm nhận vai trò là một nhà báo, nhà phê bình, biên tập viên mẫn cán của các tờ báo Phong hóa và Ngày nay.\nTừ năm 1937, hoạt động của Thế Lữ chủ yếu chuyển hướng sang biểu diễn kịch nói, trở thành diễn viên, đạo diễn, nhà viết kịch, trưởng các ban kịch Tinh Hoa, Thế Lữ, Anh Vũ, hoạt động cho đến sau Cách mạng tháng Tám. Ông tham gia kháng chiến chống Pháp, làm kịch kháng chiến trong những năm Chiến tranh Đông Dương. Sau Hiệp định Genève, ông tiếp tục hoạt động sân khấu, trở thành Chủ tịch đầu tiên của Hội Nghệ sĩ Sân khấu Việt Nam (1957 – 1977). Ông được coi là một người tiên phong, không chỉ trong phong trào Thơ mới, trong lĩnh vực văn chương trinh thám, kinh dị, đường rừng, mà còn là người có đóng góp rất lớn trong việc chuyên nghiệp hóa nghệ thuật biểu diễn kịch nói ở Việt Nam. Thế Lữ đã được Nhà nước Việt Nam trao tặng danh hiệu Nghệ sĩ nhân dân năm 1984 và Giải thưởng Hồ Chí Minh về văn học nghệ thuật đợt II năm 2000.\n\n\n== Tiểu sử ==\nThế Lữ sinh ngày 10 tháng 6 năm 1907 tại thành phố Hà Nội. Quê gốc tại làng Phù Đổng, huyện Tiên Du, tỉnh Bắc Ninh (nay là xã Phù Đổng, thành phố Hà Nội). Tên Nguyễn Đình Lễ sau đó được đổi thành Nguyễn Thứ Lễ vì ông là con thứ. Khi lên 10 tuổi, người anh trai (hơn ông một tuổi) mất, ông lại đổi tên lại thành Nguyễn Đình Lễ. Lớn lên ông dùng lại tên Nguyễn Thứ Lễ, khi viết văn nói lái lại là Nguyễn Thế Lữ, sau rút gọn thành Thế Lữ. Bút danh Thế Lữ, mang nghĩa \""người khách đi qua trần thế\"" lại phù hợp với quan niệm sống của ông khi ấy. Ông còn có tên khác là Nguyễn Khắc Thảo, nhưng sau cũng bỏ đi vì trùng tên. Khi viết báo, đôi khi ông ký bút danh hài hước Lê Ta, xuất phát từ tên Lễ biến thành \""Lê Ngã\"", \""ta\"" cũng tức là \""ngã\"".\nCha ông là sếp ga xe lửa trên tuyến đường sắt Lạng Sơn – Thanh Hóa. Mẹ ông sinh ra trong gia đình Công giáo, kết hôn với cha ông trước, nhưng lại không được gia đình bên nội thừa nhận. Khi mới vài tháng tuổi, Thế Lữ bị đưa rời khỏi mẹ, đem lên Lạng Sơn sống cùng bà nội, cha và u (vợ chính thức của cha). Xa mẹ từ nhỏ, mỗi năm có được gặp một đôi lần, nên theo như Thế Lữ nhớ lại, chủ đề chính từ khi ông còn bé cho đến năm 10 tuổi là xa cách, nhớ thương người mẹ ruột của mình. Sống ở xứ Lạng Sơn, núi rừng thiên nhiên nơi đây với những câu chuyện kinh dị ma quái mà ông được nghe từ nhỏ đã trở thành nguồn tư liệu, tạo cảm hứng cho các tác phẩm văn xuôi của ông sau này.\n\n\n== Cuộc đời ==\n\nThế Lữ học chữ Nho khi lên 8 tuổi, học chữ Quốc ngữ khi lên 10. Sau khi anh trai mất, ông được quay trở về Hải Phòng ở với mẹ. Ở Hải Phòng, ông học tư với cha của Vũ Đình Quý, người bạn thân đầu tiên của ông. Ít lâu sau, ông xin vào học lớp Đồng ấu của trường Pháp Việt (École communale) mới mở ở Ngõ Nghè. Năm 1924, ông thi đỗ Sơ học (cepfi), sau đó ốm một năm. Khi đó, mới 17 tuổi, Thế Lữ đã lập gia đình với Nguyễn Thị Khương, người vợ hơn ông 2 tuổi.\nNăm 1925, ông vào học Cao đẳng Tiểu học Bonnal ở Hải Phòng, học được 3 năm thì bỏ. Những năm học Thành chung, ông chịu tác động từ tinh thần yêu nước của giới học sinh, qua báo Việt Nam hồn từ Pháp gửi về, cũng như từ những thầy giáo như Trịnh Đình Rư, Hoàng Ngọc Phách, Nguyễn Hữu Tảo. Năm 1928, ông tham gia Việt Nam Thanh niên Cách mạng Đồng chí Hội, cùng hoạt động với Nguyễn Văn Linh ở Hải Phòng. Theo Nguyễn Đình Thi, thì đến năm 1930, khi Hội Thanh niên chuyển thành Đảng Cộng sản Việt Nam, Thế Lữ dù tán thành đường lối của Đảng, nhưng do gia đình theo Công giáo nên không thể gia nhập.\nNăm 1929, ông lên Hà Nội, thi đỗ dự thính vào trường Cao đẳng Mỹ thuật Đông Dương, học cũng chỉ một năm rồi lại bỏ do bất mãn với một giáo sư và giám hiệu của trường. Ở trường mỹ thuật, ông chơi thân nhất với những bạn như Nguyễn Đỗ Cung, Trần Bình Lộc; cùng với Vũ Đình Liên, Ngô Bích San, Hoàng Lập Ngôn... tổ chức một salon littéraire, chuyên thảo luận về văn học.\nThời gian này, ông bắt đầu viết văn, với những truyện đầu tiên ghi lại những gì ông nghe thấy khi ở Lạng Sơn. Được sự khuyến khích của Vũ Đình Liên, Thế Lữ đã gửi các tác phẩm đầu tay của mình cho Nhà xuất bản Tân Dân, ký thêm bút danh tưởng tượng \""Đào Thị Tô cùng viết với Thế Lữ\"" nhằm thu hút sự chú ý. Hai cuốn Một truyện báo thù ghê gớm và Tiếng hú hồn của mụ Ké sau được Vũ Đình Long khen ngợi và cho in ra, điều này cũng đã khuyến khích Thế Lữ rời bỏ trường Mỹ thuật. Một nguyên nhân khác nữa bởi ông bị lao, tuy nhiên sau đó được chữa khỏi bệnh. Từ bỏ con đường hội họa, Thế Lữ bước hẳn sang hoạt động sáng tác văn chương.\n\n\n== Hoạt động văn học và Tự Lực văn đoàn ==\nTrước khi về Hải Phòng, Thế Lữ làm người sửa bản in cho báo Volonté Indochinoise (Ý muốn của Đông Dương), thường đi làm qua Vườn bách thảo Hà Nội, thời gian này ông đã viết bài thơ nổi tiếng Nhớ rừng. Sau khi trở về Hải Phòng, được mẹ cho dựng một căn nhà lá cạnh Đồ Sơn để chữa bệnh, Thế Lữ bắt đầu tập trung vào viết văn và làm thơ. Một trong những bài thơ đầu tiên của ông là Lời than thở của nàng Mỹ thuật và Lựa tiếng đàn để gửi cho các bạn trường Mỹ thuật ở Hà Nội. Ông còn viết cả truyện lãng mạn, ví dụ như Suối lệ, đã được đăng trên một vài tờ báo cũng như sách của Tân Dân.\nSau khi tờ Phong hóa (bộ mới) ra mắt (tháng 9 năm 1932), Thế Lữ đã chào đón và gửi bài. Bài thơ đầu tiên của Thế Lữ trên Phong hóa là Con người vơ vẩn đăng vào số Tết năm 1933. Sau đó, khi đến tòa soạn Phong hóa lần đầu tiên, ông đã đọc những bài thơ mình sáng tác, và được Khái Hưng ca ngợi là \""Lamartine của Việt Nam\"". Bên cạnh đó, Nguyễn Tường Tam còn đặc biệt chú ý đến những truyện Một đêm trăng, Vàng và máu, cũng như tác giả của hai truyện này, cho rằng đó là một \""cây bút mới mẻ\"", \""có triển vọng\"", \""sẽ kết nạp cho được và chắc chắn không khó khăn\"". Không lâu sau, Thế Lữ được mời vào làm việc tại Phong hóa, và Nhất Linh sau đó cũng có bài viết trân trọng, đề cao Thế Lữ và thơ văn của ông.\nTháng 3 năm 1934, Tự Lực văn đoàn chính thức ra đời với 6 thành viên ban đầu: Nhất Linh, Hoàng Đạo, Khái Hưng, Thạch Lam, Tú Mỡ và Thế Lữ, cũng là các thành viên nòng cốt của tờ Phong hóa (mới). Thế Lữ tán đồng với quan niệm của Tự Lực văn đoàn và Phong hóa: lên án tư tưởng Nho giáo phong kiến, đả kích thói hư tật xấu, tệ nạn xã hội bằng sự châm biếm hài hước, đồng thời đổi mới quan niệm sáng tác, giải phóng cá nhân, và đấu tranh xây dựng nền văn chương và ngôn ngữ Việt. Cũng từ đó, gần 10 năm, hoạt động văn học và báo chí của Thế Lữ gắn bó chặt chẽ với Tự Lực văn đoàn, và cũng hầu như thu gọn trong khoảng thời gian này.\nVề báo chí, ông tham gia viết báo, biên tập cho tờ Phong hóa rồi tờ Ngày nay (ra mắt sau khi Phong hóa đóng cửa năm 1936). Với các bút danh Thế Lữ và Lê Ta, ông viết bài cho các chuyên mục \""Cuộc điểm báo\"", \""Cuộc điểm sách\"", \""Từ cao đến thấp\""..., (Phong hóa) rồi \""Điểm báo\"", \""Tin thơ\"", \""Tin văn... vắn\""... (Ngày nay). Ngoài các mục cố định, Thế Lữ còn có nhiều bài bình luận, phân tích về các vấn đề văn chương, nghệ thuật, các bài phê bình sách. Ông là giám khảo cho tất cả ba cuộc thi của Tự Lực văn đoàn (1935, 1937, 1939), góp tiếng nói giúp khẳng định những tác phẩm được trao giải. Mục Tin thơ do ông phụ trách toàn bộ cũng phát hiện và khích lệ một số khả năng Thơ mới; đồng thời Thế Lữ, cùng với Lưu Trọng Lư, Huy Thông và các nhà thơ, tác giả khác, cũng góp công lớn trong việc đem lại thành công cho phong trào Thơ mới, chống lại thơ cũ, bảo vệ và đề cao thơ mới bằng các bài báo, đăng các sáng tác trong đó có sáng tác của chính mình. Bài thơ Nhớ rừng gây tác động mạnh mẽ lên công chúng, cùng các bài thơ nổi tiếng khác sau đó như Cây đàn muôn điệu, Tiếng sáo thiên thai..., được đăng trên Phong hóa, sau này được tập hợp lại trong tập thơ đầu tay Mấy vần thơ (1935), đã góp phần đem lại thắng lợi hoàn toàn cho phong trào Thơ mới, cũng như đưa ông trở thành một nhà thơ tiêu biểu của Thơ mới thuở ban đầu. Ngoài ra, ông còn có nhiều tác phẩm văn xuôi, ở các thể loại trinh thám, kinh dị và lãng mạn, cũng gây được sự chú ý của công chúng.\nThế Lữ là một trong các tác giả Tự Lực có nhiều tác phẩm nhất được Nhà xuất bản Đời nay phát hành. Từ năm 1934 đến năm 1943, ông cho ra mắt 12 cuốn sách, trung bình mỗi năm một cuốn, có những năm hai (1937, 1942), ba cuốn (1941). Đáng chú ý nhất là tập truyện đầu tay Vàng và máu (1934, được Khái Hưng viết lời giới thiệu), tập thơ thứ nhất Mấy vần thơ (1935), sau được sửa chữa và bổ sung nhiều bài mới trong Mấy vần thơ, tập mới (1941).\nKể từ năm 1937, ông dành nhiều thời gian và tâm huyết cho sân khấu kịch nói, dù vẫn làm việc tại báo Ngày nay cho tới khi tờ này đóng cửa (sau 1940). Sau 1945, hoạt động và tư tưởng củ"", ""content_hash"": ""sha256:93c29709de4833e009abc3c1b08e1e924d08015fff11a6f831dae2eb37b4cae3""}]",[],,SOURCE_FETCHED_NOT_REVIEWED,human_review_after_ddg_short_alignment,Pre-review filter only. HIGH_SIGNAL means >=2 shared terms and >=0.20 coverage; REVIEW_SIGNAL means it passed the relaxed shortlist threshold and still requires independent source/gold verification. No row is accepted as gold automatically.
CH-0583,Thủ tục đăng ký sang tên xe máy chính chủ mới nhất năm nay (Mã CH-0583)?,general,REVIEW_SIGNAL,159,1,"[""thủ""]",0.1,20.0,thủ tục đăng ký sang tên xe máy,canonical_fetch_existing,https://hvdic.thivien.net/hv/th%E1%BB%A7,Tra từ: thủ - Từ điển Hán Nôm,DDG_API_OK,,,[],[],,SOURCE_FETCHED_NOT_REVIEWED,human_review_after_ddg_short_alignment,Pre-review filter only. HIGH_SIGNAL means >=2 shared terms and >=0.20 coverage; REVIEW_SIGNAL means it passed the relaxed shortlist threshold and still requires independent source/gold verification. No row is accepted as gold automatically.
CH-0569,Mẹo xử lý khi xe ô tô bị ngập nước chết máy mới nhất năm nay (Mã CH-0569)?,general,REVIEW_SIGNAL,160,1,"[""mẹo""]",0.1,20.0,mẹo xử lý xe tô bị ngập nước,canonical_fetch_existing,https://vietnamnet.vn/doi-song/meo-vat,"Mẹo vặt cuộc sống - Các mẹo đơn giản, dễ làm chị em nên biết",DDG_API_OK,,,[],[],,SOURCE_FETCHED_NOT_REVIEWED,human_review_after_ddg_short_alignment,Pre-review filter only. HIGH_SIGNAL means >=2 shared terms and >=0.20 coverage; REVIEW_SIGNAL means it passed the relaxed shortlist threshold and still requires independent source/gold verification. No row is accepted as gold automatically.
CH-0566,Sự ra đời của chữ Quốc ngữ trong lịch sử Việt Nam mới nhất năm nay (Mã CH-0566)?,general,REVIEW_SIGNAL,161,1,"[""sự""]",0.1,20.0,sự ra đời chữ quốc ngữ lịch sử,canonical_fetch_existing,https://fconline.garena.vn/tin-tuc/su-kien/,WELCOME TO FC ONLINE &#8211; Sự kiện,DDG_API_OK,,,[],[],,SOURCE_FETCHED_NOT_REVIEWED,human_review_after_ddg_short_alignment,Pre-review filter only. HIGH_SIGNAL means >=2 shared terms and >=0.20 coverage; REVIEW_SIGNAL means it passed the relaxed shortlist threshold and still requires independent source/gold verification. No row is accepted as gold automatically.
CH-0564,Tác dụng phụ của việc sử dụng thuốc kháng sinh tùy tiện mới nhất năm nay (Mã CH-0564)?,general,REVIEW_SIGNAL,162,1,"[""tác""]",0.1,20.0,tác dụng phụ việc sử thuốc kháng sinh,canonical_fetch_existing,https://hvdic.thivien.net/hv/t%C3%A1c,Tra từ: tác - Từ điển Hán Nôm,DDG_API_OK,,,[],[],,SOURCE_FETCHED_NOT_REVIEWED,human_review_after_ddg_short_alignment,Pre-review filter only. HIGH_SIGNAL means >=2 shared terms and >=0.20 coverage; REVIEW_SIGNAL means it passed the relaxed shortlist threshold and still requires independent source/gold verification. No row is accepted as gold automatically.
CH-0547,Lịch sử ra đời của bộ môn Kịch nói và Sân khấu mới nhất năm nay (Mã CH-0547)?,general,REVIEW_SIGNAL,163,1,"[""lịch""]",0.1,20.0,lịch sử ra đời bộ môn kịch nói,canonical_fetch_existing,https://www.24h.com.vn/lich-van-nien-c936.html,"Lịch vạn niên 2026 - Xem lịch âm, lịch dương, giờ hoàng đạo theo ngày tháng",DDG_REQUEST_ERROR,,,[],[],,SOURCE_FETCHED_NOT_REVIEWED,human_review_after_ddg_short_alignment,Pre-review filter only. HIGH_SIGNAL means >=2 shared terms and >=0.20 coverage; REVIEW_SIGNAL means it passed the relaxed shortlist threshold and still requires independent source/gold verification. No row is accepted as gold automatically.
CH-0537,Xu hướng sáng tạo nội dung trên nền tảng TikTok và YouTube mới nhất năm nay (Mã CH-0537)?,general,REVIEW_SIGNAL,164,1,"[""xu""]",0.1,20.0,xu hướng sáng tạo nội dung nền tảng,canonical_fetch_existing,https://fingo.vn/tien-xu-viet-nam,,DDG_REQUEST_ERROR,,,[],[],,SOURCE_FETCHED_NOT_REVIEWED,human_review_after_ddg_short_alignment,Pre-review filter only. HIGH_SIGNAL means >=2 shared terms and >=0.20 coverage; REVIEW_SIGNAL means it passed the relaxed shortlist threshold and still requires independent source/gold verification. No row is accepted as gold automatically.
CH-0524,Các loại vắc xin cần tiêm cho trẻ sơ sinh dưới 1 tuổi mới nhất năm nay (Mã CH-0524)?,general,REVIEW_SIGNAL,165,1,"[""loại""]",0.1,20.0,loại vắc xin cần tiêm trẻ sơ sinh,canonical_fetch_existing,https://vi.wiktionary.org/wiki/lo%E1%BA%A1i,loại – Wiktionary tiếng Việt,DDG_REQUEST_ERROR,,,[],[],,SOURCE_FETCHED_NOT_REVIEWED,human_review_after_ddg_short_alignment,Pre-review filter only. HIGH_SIGNAL means >=2 shared terms and >=0.20 coverage; REVIEW_SIGNAL means it passed the relaxed shortlist threshold and still requires independent source/gold verification. No row is accepted as gold automatically.
CH-0513,Quy định về thời giờ làm việc và nghỉ ngơi theo Luật Lao động mới nhất năm nay (Mã CH-0513)?,general,REVIEW_SIGNAL,166,1,"[""quy""]",0.1,20.0,quy định thời giờ việc nghỉ ngơi luật,canonical_fetch_existing,http://tratu.soha.vn/dict/vn_vn/Quy,Nghĩa của từ Quy - Từ điển Việt - Việt,DDG_REQUEST_ERROR,,,[],[],,SOURCE_FETCHED_NOT_REVIEWED,human_review_after_ddg_short_alignment,Pre-review filter only. HIGH_SIGNAL means >=2 shared terms and >=0.20 coverage; REVIEW_SIGNAL means it passed the relaxed shortlist threshold and still requires independent source/gold verification. No row is accepted as gold automatically.
CH-0442,Tra cứu thông tin: Cách tính thuế thu nhập cá nhân mới nhất (Mã CH-0442)?,general,REVIEW_SIGNAL,167,1,"[""thu""]",0.1,20.0,tra cứu thông tin tính thuế thu nhập,canonical_fetch_existing,https://thuvienphapluat.vn/ma-so-thue/phap-luat-thue/huong-dan-cach-tinh-thue-thu-nhap-ca-nhan-moi-nhat-theo-luat-thue-thu-nhap-ca-nhan-sua-doi-191251-216624.html,,DDG_REQUEST_ERROR,,,[],[],,SOURCE_FETCHED_NOT_REVIEWED,human_review_after_ddg_short_alignment,Pre-review filter only. HIGH_SIGNAL means >=2 shared terms and >=0.20 coverage; REVIEW_SIGNAL means it passed the relaxed shortlist threshold and still requires independent source/gold verification. No row is accepted as gold automatically.
CH-0422,Tra cứu thông tin: Xu hướng giá vàng thế giới và trong nước (Mã CH-0422)?,general,REVIEW_SIGNAL,168,1,"[""xu""]",0.1,20.0,tra cứu thông tin xu hướng giá vàng,canonical_fetch_existing,https://fingo.vn/tien-xu-viet-nam,,DDG_REQUEST_ERROR,,,[],[],,SOURCE_FETCHED_NOT_REVIEWED,human_review_after_ddg_short_alignment,Pre-review filter only. HIGH_SIGNAL means >=2 shared terms and >=0.20 coverage; REVIEW_SIGNAL means it passed the relaxed shortlist threshold and still requires independent source/gold verification. No row is accepted as gold automatically.
CH-0095,Cách viết bài nghiên cứu khoa học đạt chuẩn quốc tế mới nhất năm nay (Mã CH-0095)?,general,REVIEW_SIGNAL,169,1,"[""viết""]",0.1,20.0,viết bài nghiên cứu khoa học đạt chuẩn,canonical_fetch_existing,https://vi.wiktionary.org/wiki/vi%E1%BA%BFt,viết – Wiktionary tiếng Việt,DDG_REQUEST_ERROR,,,[],[],,SOURCE_FETCHED_NOT_REVIEWED,human_review_after_ddg_short_alignment,Pre-review filter only. HIGH_SIGNAL means >=2 shared terms and >=0.20 coverage; REVIEW_SIGNAL means it passed the relaxed shortlist threshold and still requires independent source/gold verification. No row is accepted as gold automatically.
CH-0089,Phương pháp sắp xếp nhà cửa gọn gàng theo phong cách Nhật mới nhất năm nay (Mã CH-0089)?,general,REVIEW_SIGNAL,170,1,"[""phương""]",0.1,20.0,phương pháp sắp xếp nhà cửa gọn gàng,canonical_fetch_existing,https://futabus.vn/,FUTA Bus Lines,DDG_REQUEST_ERROR,,,[],[],,SOURCE_FETCHED_NOT_REVIEWED,human_review_after_ddg_short_alignment,Pre-review filter only. HIGH_SIGNAL means >=2 shared terms and >=0.20 coverage; REVIEW_SIGNAL means it passed the relaxed shortlist threshold and still requires independent source/gold verification. No row is accepted as gold automatically.
CH-0083,Thủ tục đăng ký sang tên xe máy chính chủ mới nhất năm nay (Mã CH-0083)?,general,REVIEW_SIGNAL,171,1,"[""thủ""]",0.1,20.0,thủ tục đăng ký sang tên xe máy,canonical_fetch_existing,https://hvdic.thivien.net/hv/th%E1%BB%A7,Tra từ: thủ - Từ điển Hán Nôm,DDG_REQUEST_ERROR,,,[],[],,SOURCE_FETCHED_NOT_REVIEWED,human_review_after_ddg_short_alignment,Pre-review filter only. HIGH_SIGNAL means >=2 shared terms and >=0.20 coverage; REVIEW_SIGNAL means it passed the relaxed shortlist threshold and still requires independent source/gold verification. No row is accepted as gold automatically.
CH-0069,Mẹo xử lý khi xe ô tô bị ngập nước chết máy mới nhất năm nay (Mã CH-0069)?,general,REVIEW_SIGNAL,172,1,"[""mẹo""]",0.1,20.0,mẹo xử lý xe tô bị ngập nước,canonical_fetch_existing,https://vietnamnet.vn/doi-song/meo-vat,"Mẹo vặt cuộc sống - Các mẹo đơn giản, dễ làm chị em nên biết",DDG_API_OK,,,[],[],,SOURCE_FETCHED_NOT_REVIEWED,human_review_after_ddg_short_alignment,Pre-review filter only. HIGH_SIGNAL means >=2 shared terms and >=0.20 coverage; REVIEW_SIGNAL means it passed the relaxed shortlist threshold and still requires independent source/gold verification. No row is accepted as gold automatically.
CH-0068,Phương pháp ủ phân hữu cơ vi sinh từ rác thải sinh hoạt mới nhất năm nay (Mã CH-0068)?,general,REVIEW_SIGNAL,173,1,"[""phương""]",0.1,20.0,phương pháp phân hữu cơ vi sinh rác,canonical_fetch_existing,https://futabus.vn/,FUTA Bus Lines,DDG_API_OK,,,[],[],,SOURCE_FETCHED_NOT_REVIEWED,human_review_after_ddg_short_alignment,Pre-review filter only. HIGH_SIGNAL means >=2 shared terms and >=0.20 coverage; REVIEW_SIGNAL means it passed the relaxed shortlist threshold and still requires independent source/gold verification. No row is accepted as gold automatically.
CH-0066,Sự ra đời của chữ Quốc ngữ trong lịch sử Việt Nam mới nhất năm nay (Mã CH-0066)?,general,REVIEW_SIGNAL,174,1,"[""sự""]",0.1,20.0,sự ra đời chữ quốc ngữ lịch sử,canonical_fetch_existing,https://fconline.garena.vn/tin-tuc/su-kien/,WELCOME TO FC ONLINE &#8211; Sự kiện,DDG_API_OK,,,[],[],,SOURCE_FETCHED_NOT_REVIEWED,human_review_after_ddg_short_alignment,Pre-review filter only. HIGH_SIGNAL means >=2 shared terms and >=0.20 coverage; REVIEW_SIGNAL means it passed the relaxed shortlist threshold and still requires independent source/gold verification. No row is accepted as gold automatically.
CH-0047,Lịch sử ra đời của bộ môn Kịch nói và Sân khấu mới nhất năm nay (Mã CH-0047)?,general,REVIEW_SIGNAL,175,1,"[""lịch""]",0.1,20.0,lịch sử ra đời bộ môn kịch nói,canonical_fetch_existing,https://www.24h.com.vn/lich-van-nien-c936.html,"Lịch vạn niên 2026 - Xem lịch âm, lịch dương, giờ hoàng đạo theo ngày tháng",DDG_API_OK,,,[],[],,SOURCE_FETCHED_NOT_REVIEWED,human_review_after_ddg_short_alignment,Pre-review filter only. HIGH_SIGNAL means >=2 shared terms and >=0.20 coverage; REVIEW_SIGNAL means it passed the relaxed shortlist threshold and still requires independent source/gold verification. No row is accepted as gold automatically.
CH-0037,Xu hướng sáng tạo nội dung trên nền tảng TikTok và YouTube mới nhất năm nay (Mã CH-0037)?,general,REVIEW_SIGNAL,176,1,"[""xu""]",0.1,20.0,xu hướng sáng tạo nội dung nền tảng,canonical_fetch_existing,https://fingo.vn/tien-xu-viet-nam,,DDG_API_OK,,,[],[],,SOURCE_FETCHED_NOT_REVIEWED,human_review_after_ddg_short_alignment,Pre-review filter only. HIGH_SIGNAL means >=2 shared terms and >=0.20 coverage; REVIEW_SIGNAL means it passed the relaxed shortlist threshold and still requires independent source/gold verification. No row is accepted as gold automatically.
CH-0024,Các loại vắc xin cần tiêm cho trẻ sơ sinh dưới 1 tuổi mới nhất năm nay (Mã CH-0024)?,general,REVIEW_SIGNAL,177,1,"[""loại""]",0.1,20.0,loại vắc xin cần tiêm trẻ sơ sinh,canonical_fetch_existing,https://vi.wiktionary.org/wiki/lo%E1%BA%A1i,loại – Wiktionary tiếng Việt,DDG_API_OK,,,[],[],,SOURCE_FETCHED_NOT_REVIEWED,human_review_after_ddg_short_alignment,Pre-review filter only. HIGH_SIGNAL means >=2 shared terms and >=0.20 coverage; REVIEW_SIGNAL means it passed the relaxed shortlist threshold and still requires independent source/gold verification. No row is accepted as gold automatically.
CH-0955,Tra cứu thông tin: Lịch thi tốt nghiệp THPT Quốc gia năm nay (Mã CH-0955)?,general,REVIEW_SIGNAL,178,1,"[""lịch""]",0.090909,19.0909,tra cứu thông tin lịch thi tốt nghiệp,canonical_fetch_existing,https://www.24h.com.vn/lich-van-nien-c936.html,"Lịch vạn niên 2026 - Xem lịch âm, lịch dương, giờ hoàng đạo theo ngày tháng",DDG_REQUEST_ERROR,,,[],[],,SOURCE_FETCHED_NOT_REVIEWED,human_review_after_ddg_short_alignment,Pre-review filter only. HIGH_SIGNAL means >=2 shared terms and >=0.20 coverage; REVIEW_SIGNAL means it passed the relaxed shortlist threshold and still requires independent source/gold verification. No row is accepted as gold automatically.
CH-0915,Tra cứu thông tin: Thông tin các chương trình học bổng du học toàn phần (Mã CH-0915)?,general,REVIEW_SIGNAL,179,1,"[""thông""]",0.090909,19.0909,tra cứu thông tin chương trình học bổng,canonical_fetch_existing,https://vi.wiktionary.org/wiki/th%C3%B4ng,thông – Wiktionary tiếng Việt,DDG_REQUEST_ERROR,,,[],[],,SOURCE_FETCHED_NOT_REVIEWED,human_review_after_ddg_short_alignment,Pre-review filter only. HIGH_SIGNAL means >=2 shared terms and >=0.20 coverage; REVIEW_SIGNAL means it passed the relaxed shortlist threshold and still requires independent source/gold verification. No row is accepted as gold automatically.
CH-0534,Tác hại của việc thức khuya liên tục đối với gan và tim mạch mới nhất năm nay (Mã CH-0534)?,general,REVIEW_SIGNAL,180,1,"[""tác""]",0.090909,19.0909,tác hại việc thức khuya liên tục đối,canonical_fetch_existing,https://hvdic.thivien.net/hv/t%C3%A1c,Tra từ: tác - Từ điển Hán Nôm,DDG_REQUEST_ERROR,,,[],[],,SOURCE_FETCHED_NOT_REVIEWED,human_review_after_ddg_short_alignment,Pre-review filter only. HIGH_SIGNAL means >=2 shared terms and >=0.20 coverage; REVIEW_SIGNAL means it passed the relaxed shortlist threshold and still requires independent source/gold verification. No row is accepted as gold automatically.
CH-0530,Lịch sử và quy mô của Giải vô địch bóng đá thế giới World Cup mới nhất năm nay (Mã CH-0530)?,general,REVIEW_SIGNAL,181,1,"[""lịch""]",0.090909,19.0909,lịch sử quy mô vô địch bóng đá,canonical_fetch_existing,https://www.24h.com.vn/lich-van-nien-c936.html,"Lịch vạn niên 2026 - Xem lịch âm, lịch dương, giờ hoàng đạo theo ngày tháng",DDG_REQUEST_ERROR,,,[],[],,SOURCE_FETCHED_NOT_REVIEWED,human_review_after_ddg_short_alignment,Pre-review filter only. HIGH_SIGNAL means >=2 shared terms and >=0.20 coverage; REVIEW_SIGNAL means it passed the relaxed shortlist threshold and still requires independent source/gold verification. No row is accepted as gold automatically.
CH-0505,Phương pháp học ngoại ngữ hiệu quả qua kỹ thuật Spaced Repetition mới nhất năm nay (Mã CH-0505)?,general,REVIEW_SIGNAL,182,1,"[""phương""]",0.090909,19.0909,phương pháp học ngoại ngữ hiệu quả kỹ,canonical_fetch_existing,https://futabus.vn/,FUTA Bus Lines,DDG_REQUEST_ERROR,,,[],[],,SOURCE_FETCHED_NOT_REVIEWED,human_review_after_ddg_short_alignment,Pre-review filter only. HIGH_SIGNAL means >=2 shared terms and >=0.20 coverage; REVIEW_SIGNAL means it passed the relaxed shortlist threshold and still requires independent source/gold verification. No row is accepted as gold automatically.
CH-0502,Chính sách tiền tệ điều hành lãi suất của Ngân hàng Nhà nước mới nhất năm nay (Mã CH-0502)?,general,REVIEW_SIGNAL,183,1,"[""chính""]",0.090909,19.0909,chính sách tiền tệ hành lãi suất ngân,canonical_fetch_existing,https://chinhphu.vn/,Cổng Thông tin điện tử Chính phủ,DDG_REQUEST_ERROR,,,[],[],,SOURCE_FETCHED_NOT_REVIEWED,human_review_after_ddg_short_alignment,Pre-review filter only. HIGH_SIGNAL means >=2 shared terms and >=0.20 coverage; REVIEW_SIGNAL means it passed the relaxed shortlist threshold and still requires independent source/gold verification. No row is accepted as gold automatically.
CH-0415,Tra cứu thông tin: Thông tin các chương trình học bổng du học toàn phần (Mã CH-0415)?,general,REVIEW_SIGNAL,184,1,"[""thông""]",0.090909,19.0909,tra cứu thông tin chương trình học bổng,canonical_fetch_existing,https://vi.wiktionary.org/wiki/th%C3%B4ng,thông – Wiktionary tiếng Việt,DDG_REQUEST_ERROR,,,[],[],,SOURCE_FETCHED_NOT_REVIEWED,human_review_after_ddg_short_alignment,Pre-review filter only. HIGH_SIGNAL means >=2 shared terms and >=0.20 coverage; REVIEW_SIGNAL means it passed the relaxed shortlist threshold and still requires independent source/gold verification. No row is accepted as gold automatically.
CH-0043,Thủ tục đăng ký kết hôn có yếu tố nước ngoài mới nhất năm nay (Mã CH-0043)?,general,REVIEW_SIGNAL,185,1,"[""thủ""]",0.090909,19.0909,thủ tục đăng ký kết hôn có yếu,canonical_fetch_existing,https://hvdic.thivien.net/hv/th%E1%BB%A7,Tra từ: thủ - Từ điển Hán Nôm,DDG_API_OK,,,[],[],,SOURCE_FETCHED_NOT_REVIEWED,human_review_after_ddg_short_alignment,Pre-review filter only. HIGH_SIGNAL means >=2 shared terms and >=0.20 coverage; REVIEW_SIGNAL means it passed the relaxed shortlist threshold and still requires independent source/gold verification. No row is accepted as gold automatically.
CH-0034,Tác hại của việc thức khuya liên tục đối với gan và tim mạch mới nhất năm nay (Mã CH-0034)?,general,REVIEW_SIGNAL,186,1,"[""tác""]",0.090909,19.0909,tác hại việc thức khuya liên tục đối,canonical_fetch_existing,https://hvdic.thivien.net/hv/t%C3%A1c,Tra từ: tác - Từ điển Hán Nôm,DDG_API_OK,,,[],[],,SOURCE_FETCHED_NOT_REVIEWED,human_review_after_ddg_short_alignment,Pre-review filter only. HIGH_SIGNAL means >=2 shared terms and >=0.20 coverage; REVIEW_SIGNAL means it passed the relaxed shortlist threshold and still requires independent source/gold verification. No row is accepted as gold automatically.
CH-0030,Lịch sử và quy mô của Giải vô địch bóng đá thế giới World Cup mới nhất năm nay (Mã CH-0030)?,general,REVIEW_SIGNAL,187,1,"[""lịch""]",0.090909,19.0909,lịch sử quy mô vô địch bóng đá,canonical_fetch_existing,https://www.24h.com.vn/lich-van-nien-c936.html,"Lịch vạn niên 2026 - Xem lịch âm, lịch dương, giờ hoàng đạo theo ngày tháng",DDG_API_OK,,,[],[],,SOURCE_FETCHED_NOT_REVIEWED,human_review_after_ddg_short_alignment,Pre-review filter only. HIGH_SIGNAL means >=2 shared terms and >=0.20 coverage; REVIEW_SIGNAL means it passed the relaxed shortlist threshold and still requires independent source/gold verification. No row is accepted as gold automatically.
CH-0002,Chính sách tiền tệ điều hành lãi suất của Ngân hàng Nhà nước mới nhất năm nay (Mã CH-0002)?,general,REVIEW_SIGNAL,188,1,"[""chính""]",0.090909,19.0909,chính sách tiền tệ hành lãi suất ngân,canonical_fetch_existing,https://chinhphu.vn/,Cổng Thông tin điện tử Chính phủ,DDG_API_OK,,,"[{""chunk_id"": ""doc-dc275017ea36db45-chunk-001"", ""document_id"": ""doc-dc275017ea36db45"", ""source_url"": ""https://thitruongtaichinhtiente.vn/dieu-hanh-chinh-sach-tien-te-theo-lai-suat-mo-hinh-xac-dinh-lai-suat-dieu-hanh-tai-viet-nam-44182.html"", ""source_title"": ""Điều hành chính sách tiền tệ theo lãi suất mô hình xác định lãi suất điều hành tại Việt Nam"", ""text"": ""Lãi suất điều hành là lãi suất ngắn hạn chủ đạo do cơ quan quản lý tiền tệ đặt ra để tác động đến các biến số như giá tiêu dùng, tỷ giá và tín dụng. Ngân hàng Nhà nước sử dụng lãi suất điều hành và các công cụ chính sách tiền tệ để tác động đến các lãi suất khác trên thị trường."", ""content_hash"": ""sha256:27acea1af2c42c028fc649eb92798768ac67fb25e7f33c1e7d476bf8d9d20e48""}]",[],,SOURCE_FETCHED_NOT_REVIEWED,human_review_after_ddg_short_alignment,Pre-review filter only. HIGH_SIGNAL means >=2 shared terms and >=0.20 coverage; REVIEW_SIGNAL means it passed the relaxed shortlist threshold and still requires independent source/gold verification. No row is accepted as gold automatically.
CH-0951,Tra cứu thông tin: Cách phòng tránh tấn công giả mạo Phishing qua email (Mã CH-0951)?,general,REVIEW_SIGNAL,189,1,"[""email""]",0.083333,18.3333,tra cứu thông tin phòng tránh tấn công,canonical_fetch_existing,https://support.google.com/youtube/answer/7682560,YouTube Creator Awards - YouTube Help,DDG_REQUEST_ERROR,,,[],[],,SOURCE_FETCHED_NOT_REVIEWED,human_review_after_ddg_short_alignment,Pre-review filter only. HIGH_SIGNAL means >=2 shared terms and >=0.20 coverage; REVIEW_SIGNAL means it passed the relaxed shortlist threshold and still requires independent source/gold verification. No row is accepted as gold automatically.
CH-0503,Thủ tục cấp đổi hộ chiếu phổ thông online trên Cổng dịch vụ công mới nhất năm nay (Mã CH-0503)?,general,REVIEW_SIGNAL,190,1,"[""thủ""]",0.083333,18.3333,thủ tục cấp đổi hộ chiếu phổ thông,canonical_fetch_existing,https://hvdic.thivien.net/hv/th%E1%BB%A7,Tra từ: thủ - Từ điển Hán Nôm,DDG_REQUEST_ERROR,,,[],[],,SOURCE_FETCHED_NOT_REVIEWED,human_review_after_ddg_short_alignment,Pre-review filter only. HIGH_SIGNAL means >=2 shared terms and >=0.20 coverage; REVIEW_SIGNAL means it passed the relaxed shortlist threshold and still requires independent source/gold verification. No row is accepted as gold automatically.
CH-0003,Thủ tục cấp đổi hộ chiếu phổ thông online trên Cổng dịch vụ công mới nhất năm nay (Mã CH-0003)?,general,REVIEW_SIGNAL,191,1,"[""thủ""]",0.083333,18.3333,thủ tục cấp đổi hộ chiếu phổ thông,canonical_fetch_existing,https://hvdic.thivien.net/hv/th%E1%BB%A7,Tra từ: thủ - Từ điển Hán Nôm,DDG_API_OK,,,[],[],,SOURCE_FETCHED_NOT_REVIEWED,human_review_after_ddg_short_alignment,Pre-review filter only. HIGH_SIGNAL means >=2 shared terms and >=0.20 coverage; REVIEW_SIGNAL means it passed the relaxed shortlist threshold and still requires independent source/gold verification. No row is accepted as gold automatically.
